eq,spec,outcome,coef,beta,se_cluster,p_cluster,p_wildboot,n_obs,n_prov
T2c,bench_heat,wind_curtailment_pct,dw_heat,0.22945120251295478,0.060869894230893146,0.00016355191133784924,0.004,174,29
T2c,scale_only,wind_curtailment_pct,dw_base,0.0012857676103768256,0.09251885238725838,0.9889118695634127,0.986,174,29
T2c,race,wind_curtailment_pct,dw_heat,0.27989828199190825,0.06886700241981253,4.8170458800226504e-05,0.001,174,29
T2c,race,wind_curtailment_pct,dw_base,-0.11989075209253505,0.07407581836657288,0.10555767733183163,0.153,174,29
T2c,race_plus_vol,wind_curtailment_pct,dw_heat,0.2713110160047608,0.07855396673365572,0.000552712547396593,0.004,174,29
T2c,race_plus_vol,wind_curtailment_pct,dw_base,-0.09625776627435714,0.09511068604773314,0.31150913824847426,0.573,174,29
T2c,race_plus_vol,wind_curtailment_pct,dw_basevol,-0.030209635558641035,0.048729692759456655,0.5352952653886391,0.553,174,29
T2c,race_base2018,wind_curtailment_pct,dw_heat,0.2381184839421509,0.05894677912787552,5.355376453730372e-05,0.002,174,29
T2c,race_base2018,wind_curtailment_pct,dw_base2018,-0.0243800114004422,0.0211771253349855,0.24963239419200844,0.232,174,29
T2c,race_plus_pretrend,wind_curtailment_pct,dw_heat,0.2796801547926752,0.05526081932019525,4.168594513868092e-07,0.003,174,29
T2c,race_plus_pretrend,wind_curtailment_pct,dw_base,-0.15373375886507715,0.08416997891563277,0.06777982252146751,0.49,174,29
T2c,race_plus_pretrend,wind_curtailment_pct,dw_pretrend,-0.06564547493016062,0.058727346488528,0.2636520794616427,0.801,174,29
T2c,race_plus_atcap,wind_curtailment_pct,dw_heat,0.27649426333847865,0.07821421226437658,0.00040763661488615557,0.003,174,29
T2c,race_plus_atcap,wind_curtailment_pct,dw_base,-0.10102634882846417,0.13480582134083197,0.45360333941037456,0.618,174,29
T2c,race_plus_atcap,wind_curtailment_pct,dw_atcap,-0.04772562813269643,0.19211018136298846,0.8038029494529246,,174,29
T2c,race_baseXyearFE,wind_curtailment_pct,dw_heat,0.28951216959411197,0.065298515451845,9.264173194928153e-06,0.002,174,29
T2c,race_baseXyearFE,wind_curtailment_pct,dw_base,-0.33615836001187455,0.08197303415084643,4.116517623262118e-05,0.012,174,29
T2c,heating_only_bench,wind_curtailment_pct,dw_heat,0.23161132621230082,0.04350851235756671,1.0186976718165941e-07,0.006,150,25
T2c,heating_only_race,wind_curtailment_pct,dw_heat,0.2433042971897373,0.0474573076624562,2.9470261245307905e-07,0.002,150,25
T2c,heating_only_race,wind_curtailment_pct,dw_base,-0.023927587435357556,0.036498839205657795,0.5121000677494476,0.532,150,25
T2c,log_bench,log_curt,dw_heat,0.04855851257995995,0.013178500642015896,0.000228993232754688,0.007,174,29
T2c,log_race,log_curt,dw_heat,0.06276249140805469,0.011456678246750056,4.295648508755649e-08,0.002,174,29
T2c,log_race,log_curt,dw_base,-0.033756675748042,0.01092262662307513,0.0019980143748676146,0.015,174,29
T2c,orth_resid_only,wind_curtailment_pct,dw_heatres,0.24959848163840073,0.07647512265778399,0.0010993392848429992,0.002,174,29
T2c,orth_race,wind_curtailment_pct,dw_heatres,0.25671924500683885,0.07583743582434138,0.0007114569369669417,0.007,174,29
T2c,orth_race,wind_curtailment_pct,dw_base,-0.03947771782724027,0.07419477167908843,0.5946690605537284,0.653,174,29
T1,bench_heat,wind_curtailment_pct,t_heat,0.09471794388533206,0.0438253483505602,0.03067531111971452,0.063,203,29
T1,scale_only,wind_curtailment_pct,t_base,0.05897403822098701,0.08013495283908775,0.4617708505830648,0.529,203,29
T1,race,wind_curtailment_pct,t_heat,0.08571542987946633,0.05399262728757868,0.11239050251509572,0.138,203,29
T1,race,wind_curtailment_pct,t_base,0.023073463791975793,0.08742205731373925,0.7918324462513229,0.852,203,29
T1,race_baseXpost,wind_curtailment_pct,t_heat,0.1412262806644613,0.05549893082605568,0.01093820907983348,0.03,203,29
T1,race_baseXpost,wind_curtailment_pct,t_base,-0.4119622541970403,0.2022497889169328,0.0416602330600572,0.092,203,29
T1,race_base2018,wind_curtailment_pct,t_heat,0.09356051710916174,0.045921997675294604,0.04161206920922773,0.095,203,29
T1,race_base2018,wind_curtailment_pct,t_base2018,-0.15172427922959653,0.046372307366860516,0.001068377286221275,0.334,203,29
T1,race_full,wind_curtailment_pct,t_heat,0.10538691482072624,0.05781587527000751,0.06833332773156059,0.132,203,29
T1,race_full,wind_curtailment_pct,t_base,-0.25657046915893195,0.15009172200978133,0.0873723430397502,0.11,203,29
T1,race_full,wind_curtailment_pct,t_basevol,-0.11201321116451951,0.06623987086213945,0.09083221960883883,0.503,203,29
