test,pair,n,pearson_r,pearson_p,spearman_r,spearman_p
E3a,heat_2019 vs heat_2020,27,0.9909603693537594,2.4685612554751614e-23,0.9840783833435395,2.814493085113742e-20
E3a,heat_2019 vs heat_2021,27,0.9813007938175,2.0695649931544314e-19,0.9797917942437231,5.415859852516064e-19
E3a,heat_2019 vs heat_2022,27,0.9702190544768015,6.552749626542862e-17,0.9797917942437231,5.415859852516064e-19
E3a,heat_2019 vs heat_2023,27,0.9306251428365777,2.058963241879395e-12,0.9406001224739743,3.12370708113268e-13
E3a,heat_2020 vs heat_2021,28,0.9903072372511643,8.016487122984726e-24,0.9890230515916572,4.01148554194931e-23
E3a,heat_2020 vs heat_2022,28,0.9824650365349968,1.7054526681019368e-20,0.9824368825466516,1.7411197638671183e-20
E3a,heat_2020 vs heat_2023,28,0.9428117125537987,6.434663144686232e-14,0.9456641053787045,3.363074124851958e-14
E3a,heat_2021 vs heat_2022,28,0.9829769951362166,1.1635780509944974e-20,0.9829857299670689,1.1558968699967199e-20
E3a,heat_2021 vs heat_2023,28,0.9413386061136073,8.880912909554558e-14,0.935236004390779,3.104836655279761e-13
E3a,heat_2022 vs heat_2023,29,0.9535505076315142,1.3545253280478e-15,0.9432098765432098,1.9208299373923286e-14
E3d,heat_2023 vs north_dummy,29,0.5646581624886653,0.0014175836316206978,,
