province_en,heat_2019,heat_2020,heat_2021,heat_2022,heat_2023
Anhui,0.4345,0.3956,0.4347,0.4398,0.5093
Beijing,0.6097,0.5915,0.591,0.591,0.6413
Chongqing,0.1221,0.1314,0.1307,0.1344,0.1232
Fujian,0.2967,0.2711,0.2761,0.2679,0.2895
Gansu,0.6388,0.5823,0.5799,0.5041,0.6036
Guangdong,0.128,0.1833,0.1712,0.2414,0.2328
Guangxi,,0.0294,0.056,0.0504,0.0719
Guizhou,0.0088,0.0253,0.2032,0.1376,0.1366
Hainan,0.0,0.0,0.0,0.0,0.0
Hebei,0.819,0.8158,0.7753,0.8757,0.8548
Heilongjiang,0.7528,0.7103,0.7155,0.706,0.8174
Henan,0.3898,0.411,0.3999,0.397,0.6928
Hubei,0.1942,0.1891,0.188,0.2501,0.6546
Hunan,0.1746,0.1983,0.2322,0.0232,0.1402
Inner Mongolia,0.5084,0.4862,0.4572,0.4416,0.4083
Jiangsu,0.71,0.793,0.7923,0.7881,0.8302
Jiangxi,,,,0.4838,0.489
Jilin,0.7225,0.7214,0.7084,0.7084,0.8243
Liaoning,0.758,0.7593,0.8044,0.8094,0.8706
Ningxia,0.3973,0.3845,0.4155,0.4192,0.4579
Qinghai,0.0,0.0,0.0,0.0,0.0
Shaanxi,0.3043,0.298,0.3483,0.3396,0.373
Shandong,0.6986,0.7465,0.7283,0.7034,0.799
Shanghai,0.2485,0.3412,0.3331,0.3275,0.3629
Shanxi,0.587,0.5814,0.5652,0.552,0.6881
Sichuan,0.0,0.0,0.0,0.0,0.0
Tianjin,0.9085,0.8927,0.8227,0.8265,0.8747
Yunnan,0.0,0.0,0.0,0.0,0.0
Zhejiang,0.3789,0.4813,0.4791,0.5253,0.5846
