province_en,rigidity,z,dT_2024,dT_2023,E_2023pace,ME,avoided_pp,avoided_twh,value_mio_cny
Anhui,0.5093,0.1639,3.8,1.2,2.6,-0.0955,0.0,0.0,0.0
Beijing,0.6413,0.5999,3.8,1.2,2.6,0.0045,0.0118,0.0001,0.0207
Chongqing,0.1232,-1.1113,2.5,1.2,1.3,-0.3881,0.0,0.0,0.0
Fujian,0.2895,-0.5622,1.5,1.2,0.3,-0.2621,0.0,0.0,0.0
Gansu,0.6036,0.4753,6.0,1.2,4.8,-0.0241,0.0,0.0,0.0
Guangdong,0.2328,-0.7493,1.5,1.2,0.3,-0.305,0.0,0.0,0.0
Guangxi,0.0719,-1.2808,4.0,1.2,2.8,-0.427,0.0,0.0,0.0
Guizhou,0.1366,-1.067,5.5,1.2,4.3,-0.3779,0.0,0.0,0.0
Hainan,0.0,-1.5183,7.0,1.2,5.8,-0.4815,0.0,0.0,0.0
Hebei,0.8548,1.3051,4.7,1.2,3.5,0.1663,0.5822,0.3831,134.0975
Heilongjiang,0.8174,1.1815,7.3,1.2,6.1,0.138,0.8417,0.2633,92.1522
Henan,0.6928,0.77,7.0,1.2,5.8,0.0436,0.2527,0.1135,39.7344
Hubei,0.6546,0.6438,5.0,1.2,3.8,0.0146,0.0555,0.0095,3.3415
Hunan,0.1402,-1.0551,6.5,1.2,5.3,-0.3752,0.0,0.0,0.0
Inner Mongolia,0.4083,-0.1698,5.0,1.2,3.8,-0.1721,0.0,0.0,0.0
Jiangsu,0.8302,1.2239,3.1,1.2,1.9,0.1477,0.2807,0.1573,55.0396
Jiangxi,0.489,0.0968,3.5,1.2,2.3,-0.1109,0.0,0.0,0.0
Jilin,0.8243,1.2045,6.5,1.2,5.3,0.1433,0.7593,0.2328,81.4729
Liaoning,0.8706,1.3573,5.0,1.2,3.8,0.1783,0.6776,0.2479,86.7808
Ningxia,0.4579,-0.0059,5.5,1.2,4.3,-0.1345,0.0,0.0,0.0
Qinghai,0.0,-1.5183,2.8,1.2,1.6,-0.4815,0.0,0.0,0.0
Shaanxi,0.373,-0.2864,2.0,1.2,0.8,-0.1988,0.0,0.0,0.0
Shandong,0.799,1.1209,3.8,1.2,2.6,0.1241,0.3226,0.1871,65.4987
Shanghai,0.3629,-0.3196,2.0,0.8,1.2,-0.2064,0.0,0.0,0.0
Shanxi,0.6881,0.7544,5.0,1.2,3.8,0.04,0.1519,0.0796,27.8573
Sichuan,0.0,-1.5183,1.5,0.7,0.8,-0.4815,0.0,0.0,0.0
Tianjin,0.8747,1.3708,3.5,1.2,2.3,0.1814,0.4173,0.0154,5.3758
Yunnan,0.0,-1.5183,1.1,2.0,0.0,-0.4815,0.0,0.0,0.0
Zhejiang,0.5846,0.4127,1.3,1.2,0.1,-0.0384,0.0,0.0,0.0
