eq,spec,outcome,weakabs,form,coef,beta,se_cluster,p_cluster,p_wildboot,n_obs,n_prov
T1,triple|wind_curtailment_pct|weak_export|continuous,wind_curtailment_pct,weak_export,continuous,beta1_main,0.21035972259061714,0.15142361730997383,0.16476785944813244,0.175,203,29
T1,triple|wind_curtailment_pct|weak_export|continuous,wind_curtailment_pct,weak_export,continuous,beta2_triple,0.060126675345899806,0.06296780012415638,0.339638526571184,0.346,203,29
T1,triple|wind_curtailment_pct|weak_export|dummy,wind_curtailment_pct,weak_export,dummy,beta1_main,0.21035972259061714,0.15142361730997383,0.16476785944813244,0.173,203,29
T1,triple|wind_curtailment_pct|weak_export|dummy,wind_curtailment_pct,weak_export,dummy,beta2_triple,0.06524220147523471,0.12372441126218642,0.5979722580578027,0.583,203,29
T1,triple|wind_curtailment_pct|heat_rigidity|continuous,wind_curtailment_pct,heat_rigidity,continuous,beta1_main,0.21035972259061714,0.15142361730997383,0.16476785944813244,0.172,203,29
T1,triple|wind_curtailment_pct|heat_rigidity|continuous,wind_curtailment_pct,heat_rigidity,continuous,beta2_triple,0.09471794388533428,0.043825348350559845,0.030675311119709232,0.058,203,29
T1,triple|wind_curtailment_pct|heat_rigidity|dummy,wind_curtailment_pct,heat_rigidity,dummy,beta1_main,0.21035972259061714,0.15142361730997383,0.16476785944813244,0.17,203,29
T1,triple|wind_curtailment_pct|heat_rigidity|dummy,wind_curtailment_pct,heat_rigidity,dummy,beta2_triple,0.09019233747110658,0.11989430152923304,0.45189145696321176,0.44,203,29
T1,triple|wind_curtailment_pct|resource_vol|continuous,wind_curtailment_pct,resource_vol,continuous,beta1_main,0.21035972259061714,0.15142361730997383,0.16476785944813244,0.172,203,29
T1,triple|wind_curtailment_pct|resource_vol|continuous,wind_curtailment_pct,resource_vol,continuous,beta2_triple,-0.09105583541629116,0.06612380869342376,0.16849658096894315,0.17,203,29
T1,triple|wind_curtailment_pct|resource_vol|dummy,wind_curtailment_pct,resource_vol,dummy,beta1_main,0.21035972259061714,0.15142361730997383,0.16476785944813244,0.174,203,29
T1,triple|wind_curtailment_pct|resource_vol|dummy,wind_curtailment_pct,resource_vol,dummy,beta2_triple,-0.15826405899329055,0.10893141975264078,0.14625764113869247,0.146,203,29
T1,triple|wind_curtailment_pct|pipeline_pressure|continuous,wind_curtailment_pct,pipeline_pressure,continuous,beta1_main,0.21035972259061714,0.15142361730997383,0.16476785944813244,0.169,203,29
T1,triple|wind_curtailment_pct|pipeline_pressure|continuous,wind_curtailment_pct,pipeline_pressure,continuous,beta2_triple,-0.04719441578720471,0.04743083309765773,0.3197287086143745,0.346,203,29
T1,triple|wind_curtailment_pct|pipeline_pressure|dummy,wind_curtailment_pct,pipeline_pressure,dummy,beta1_main,0.21035972259061714,0.15142361730997383,0.16476785944813244,0.171,203,29
T1,triple|wind_curtailment_pct|pipeline_pressure|dummy,wind_curtailment_pct,pipeline_pressure,dummy,beta2_triple,-0.03598973501943131,0.1253597058241761,0.7740420830374952,0.784,203,29
T1,triple|solar_curtailment_pct|weak_export|continuous,solar_curtailment_pct,weak_export,continuous,beta1_main,0.2158391656141625,0.16657282642108404,0.1950566103715492,0.19,203,29
T1,triple|solar_curtailment_pct|weak_export|continuous,solar_curtailment_pct,weak_export,continuous,beta2_triple,-0.16276875530286677,0.05405742790607922,0.0026035966703130617,0.017,203,29
T1,triple|solar_curtailment_pct|weak_export|dummy,solar_curtailment_pct,weak_export,dummy,beta1_main,0.2158391656141625,0.16657282642108404,0.1950566103715492,0.169,203,29
T1,triple|solar_curtailment_pct|weak_export|dummy,solar_curtailment_pct,weak_export,dummy,beta2_triple,-0.2543292281181403,0.10146293819284116,0.012189100213008192,0.029,203,29
T1,triple|solar_curtailment_pct|heat_rigidity|continuous,solar_curtailment_pct,heat_rigidity,continuous,beta1_main,0.2158391656141625,0.16657282642108404,0.1950566103715492,0.184,203,29
T1,triple|solar_curtailment_pct|heat_rigidity|continuous,solar_curtailment_pct,heat_rigidity,continuous,beta2_triple,0.050800696369036905,0.042280003980724554,0.22954564728448124,0.35,203,29
T1,triple|solar_curtailment_pct|heat_rigidity|dummy,solar_curtailment_pct,heat_rigidity,dummy,beta1_main,0.2158391656141625,0.16657282642108404,0.1950566103715492,0.201,203,29
T1,triple|solar_curtailment_pct|heat_rigidity|dummy,solar_curtailment_pct,heat_rigidity,dummy,beta2_triple,0.030795573034571908,0.12089377187457272,0.7989297108563735,0.778,203,29
T1,triple|solar_curtailment_pct|resource_vol|continuous,solar_curtailment_pct,resource_vol,continuous,beta1_main,0.2158391656141625,0.16657282642108404,0.1950566103715492,0.182,203,29
T1,triple|solar_curtailment_pct|resource_vol|continuous,solar_curtailment_pct,resource_vol,continuous,beta2_triple,-0.17008847331431948,0.04727878162114785,0.00032121067495749576,0.02,203,29
T1,triple|solar_curtailment_pct|resource_vol|dummy,solar_curtailment_pct,resource_vol,dummy,beta1_main,0.2158391656141625,0.16657282642108404,0.1950566103715492,0.196,203,29
T1,triple|solar_curtailment_pct|resource_vol|dummy,solar_curtailment_pct,resource_vol,dummy,beta2_triple,-0.11941459031545928,0.10881274216768874,0.272452570959443,0.261,203,29
T1,triple|solar_curtailment_pct|pipeline_pressure|continuous,solar_curtailment_pct,pipeline_pressure,continuous,beta1_main,0.2158391656141625,0.16657282642108404,0.1950566103715492,0.192,203,29
T1,triple|solar_curtailment_pct|pipeline_pressure|continuous,solar_curtailment_pct,pipeline_pressure,continuous,beta2_triple,0.011972005461185278,0.0637536083946362,0.851044775433609,0.818,203,29
T1,triple|solar_curtailment_pct|pipeline_pressure|dummy,solar_curtailment_pct,pipeline_pressure,dummy,beta1_main,0.2158391656141625,0.16657282642108404,0.1950566103715492,0.172,203,29
T1,triple|solar_curtailment_pct|pipeline_pressure|dummy,solar_curtailment_pct,pipeline_pressure,dummy,beta2_triple,0.10914220386475154,0.12570641527916537,0.3852678989028169,0.387,203,29
T2a,static|wind_curtailment_pct,wind_curtailment_pct,,,dweight,-0.14429852668627952,0.134656948684542,0.2838992645914006,0.351,174,29
T2b,leadlag|wind_curtailment_pct,wind_curtailment_pct,,,lead1,-0.05788048008302493,0.09380313738088346,0.5372069910179336,0.475,116,29
T2b,leadlag|wind_curtailment_pct,wind_curtailment_pct,,,contemp,-0.46106506882418175,0.21462977134862435,0.03169883486676358,0.077,116,29
T2b,leadlag|wind_curtailment_pct,wind_curtailment_pct,,,lag1,-0.05837691443612787,0.10934375771539188,0.5934215919588915,0.665,116,29
T2a,static|solar_curtailment_pct,solar_curtailment_pct,,,dweight,0.005276090672798578,0.11151683979893154,0.96226452166584,0.968,174,29
T2b,leadlag|solar_curtailment_pct,solar_curtailment_pct,,,lead1,0.1639139033455746,0.1169143544956104,0.16091530201118387,0.106,116,29
T2b,leadlag|solar_curtailment_pct,solar_curtailment_pct,,,contemp,-0.1393407445254496,0.17678571340872778,0.4305855342814435,0.49,116,29
T2b,leadlag|solar_curtailment_pct,solar_curtailment_pct,,,lag1,-0.0398435986936963,0.08877640105849233,0.6535698446894393,0.656,116,29
T2c,panel_triple|wind_curtailment_pct,wind_curtailment_pct,weak_export,continuous,beta2_triple,0.009110211715606303,0.05820028687099692,0.875613638028232,0.885,174,29
T2c,panel_triple|wind_curtailment_pct,wind_curtailment_pct,heat_rigidity,continuous,beta2_triple,0.22945120251295453,0.06086989423089369,0.00016355191133787393,0.002,174,29
T2c,panel_triple|wind_curtailment_pct,wind_curtailment_pct,resource_vol,continuous,beta2_triple,-0.10091534211263366,0.08109437641834223,0.213345578291102,0.239,174,29
T2c,panel_triple|wind_curtailment_pct,wind_curtailment_pct,pipeline_pressure,continuous,beta2_triple,-0.0952260868708343,0.0600958780300933,0.11306421154867245,0.105,174,29
T2c,panel_triple|solar_curtailment_pct,solar_curtailment_pct,weak_export,continuous,beta2_triple,-0.15415787812567636,0.05943041520829333,0.009488793397708795,0.003,174,29
T2c,panel_triple|solar_curtailment_pct,solar_curtailment_pct,heat_rigidity,continuous,beta2_triple,0.13212216904528107,0.0562539644593593,0.018840443253827648,0.021,174,29
T2c,panel_triple|solar_curtailment_pct,solar_curtailment_pct,resource_vol,continuous,beta2_triple,-0.13080483286353206,0.06837726210225724,0.05574968046134646,0.056,174,29
T2c,panel_triple|solar_curtailment_pct,solar_curtailment_pct,pipeline_pressure,continuous,beta2_triple,-0.022979107370119226,0.07541018202601067,0.7605782370372725,0.742,174,29
T3a,util_triple|wind_util_hours|weak_export|continuous,wind_util_hours,weak_export,continuous,beta1_main,-15.456888695372157,21.763947072186724,0.4775763180382475,0.469,203,29
T3a,util_triple|wind_util_hours|weak_export|continuous,wind_util_hours,weak_export,continuous,beta2_triple,18.828435122469585,6.0728179530947,0.0019323041166372592,0.003,203,29
T3a,util_triple|wind_util_hours|heat_rigidity|continuous,wind_util_hours,heat_rigidity,continuous,beta1_main,-15.456888695372157,21.763947072186724,0.4775763180382475,0.44,203,29
T3a,util_triple|wind_util_hours|heat_rigidity|continuous,wind_util_hours,heat_rigidity,continuous,beta2_triple,5.8986726346849885,8.101828440676101,0.4665726711274438,0.503,203,29
T3a,util_triple|wind_util_hours|resource_vol|continuous,wind_util_hours,resource_vol,continuous,beta1_main,-15.456888695372157,21.763947072186724,0.4775763180382475,0.449,203,29
T3a,util_triple|wind_util_hours|resource_vol|continuous,wind_util_hours,resource_vol,continuous,beta2_triple,3.9390331366122364,7.742128019137117,0.6109070515395001,0.586,203,29
T3a,util_triple|wind_util_hours|pipeline_pressure|continuous,wind_util_hours,pipeline_pressure,continuous,beta1_main,-15.456888695372157,21.763947072186724,0.4775763180382475,0.463,203,29
T3a,util_triple|wind_util_hours|pipeline_pressure|continuous,wind_util_hours,pipeline_pressure,continuous,beta2_triple,-3.8918461380943987,7.9552424573015355,0.624687515640765,0.632,203,29
T3b,util_static|wind_util_hours,wind_util_hours,,,dweight,12.198097862252116,13.212858082369966,0.35590349043527403,0.351,174,29
T3a,util_triple|solar_util_hours|weak_export|continuous,solar_util_hours,weak_export,continuous,beta1_main,-5.62373373879144,10.662921975163574,0.5979087665234767,0.545,203,29
T3a,util_triple|solar_util_hours|weak_export|continuous,solar_util_hours,weak_export,continuous,beta2_triple,7.631197553461597,4.108070104174734,0.06322422897924193,0.051,203,29
T3a,util_triple|solar_util_hours|heat_rigidity|continuous,solar_util_hours,heat_rigidity,continuous,beta1_main,-5.62373373879144,10.662921975163574,0.5979087665234767,0.546,203,29
T3a,util_triple|solar_util_hours|heat_rigidity|continuous,solar_util_hours,heat_rigidity,continuous,beta2_triple,-0.7361117653673905,4.467250429254103,0.869117456700742,0.869,203,29
T3a,util_triple|solar_util_hours|resource_vol|continuous,solar_util_hours,resource_vol,continuous,beta1_main,-5.62373373879144,10.662921975163574,0.5979087665234767,0.571,203,29
T3a,util_triple|solar_util_hours|resource_vol|continuous,solar_util_hours,resource_vol,continuous,beta2_triple,10.374219446849034,4.845345145136892,0.032268454810655524,0.086,203,29
T3a,util_triple|solar_util_hours|pipeline_pressure|continuous,solar_util_hours,pipeline_pressure,continuous,beta1_main,-5.62373373879144,10.662921975163574,0.5979087665234767,0.561,203,29
T3a,util_triple|solar_util_hours|pipeline_pressure|continuous,solar_util_hours,pipeline_pressure,continuous,beta2_triple,2.04447966663003,3.572763463175509,0.5671591070717545,0.594,203,29
T3b,util_static|solar_util_hours,solar_util_hours,,,dweight,-1.23330712320588,7.442586656379,0.8683855896317854,0.843,174,29
T3c,solar_excl_risers|baseline,solar_curtailment_pct,,,beta1_main,0.137664948057276,0.1712154200974849,0.42137083292105737,0.382,175,25
T3c,solar_excl_risers|triple_heat_rigidity,solar_curtailment_pct,heat_rigidity,continuous,beta2_triple,0.04745947634482239,0.05040970514898629,0.34646150313061486,0.407,175,25
