year,month,province_en,wind_util_pct,solar_util_pct,wind_util_ytd_pct,solar_util_ytd_pct,source_url
2024,1,Anhui,100.0,100.0,,,https://wind.in-en.com/html/wind-2443691.shtml
2024,1,Beijing,100.0,100.0,,,https://wind.in-en.com/html/wind-2443691.shtml
2024,1,Chongqing,100.0,100.0,,,https://wind.in-en.com/html/wind-2443691.shtml
2024,1,Fujian,100.0,100.0,,,https://wind.in-en.com/html/wind-2443691.shtml
2024,1,Gansu,91.9,92.9,,,https://wind.in-en.com/html/wind-2443691.shtml
2024,1,Guangdong,100.0,99.5,,,https://wind.in-en.com/html/wind-2443691.shtml
2024,1,Guangxi,100.0,100.0,,,https://wind.in-en.com/html/wind-2443691.shtml
2024,1,Guizhou,100.0,99.4,,,https://wind.in-en.com/html/wind-2443691.shtml
2024,1,Hainan,100.0,99.2,,,https://wind.in-en.com/html/wind-2443691.shtml
2024,1,Hebei,97.1,97.8,,,https://wind.in-en.com/html/wind-2443691.shtml
2024,1,Heilongjiang,99.8,99.7,,,https://wind.in-en.com/html/wind-2443691.shtml
2024,1,Henan,98.1,97.7,,,https://wind.in-en.com/html/wind-2443691.shtml
2024,1,Hubei,100.0,99.3,,,https://wind.in-en.com/html/wind-2443691.shtml
2024,1,Hunan,100.0,100.0,,,https://wind.in-en.com/html/wind-2443691.shtml
2024,1,Inner Mongolia East,96.8,99.1,,,https://wind.in-en.com/html/wind-2443691.shtml
2024,1,Inner Mongolia West,97.1,96.4,,,https://wind.in-en.com/html/wind-2443691.shtml
2024,1,Jiangsu,100.0,100.0,,,https://wind.in-en.com/html/wind-2443691.shtml
2024,1,Jiangxi,100.0,99.9,,,https://wind.in-en.com/html/wind-2443691.shtml
2024,1,Jilin,96.2,95.0,,,https://wind.in-en.com/html/wind-2443691.shtml
2024,1,Liaoning,97.3,98.7,,,https://wind.in-en.com/html/wind-2443691.shtml
2024,1,National,98.3,98.0,,,https://wind.in-en.com/html/wind-2443691.shtml
2024,1,Ningxia,98.9,98.7,,,https://wind.in-en.com/html/wind-2443691.shtml
2024,1,Qinghai,94.5,93.1,,,https://wind.in-en.com/html/wind-2443691.shtml
2024,1,Shaanxi,97.6,97.7,,,https://wind.in-en.com/html/wind-2443691.shtml
2024,1,Shandong,98.6,99.4,,,https://wind.in-en.com/html/wind-2443691.shtml
2024,1,Shanghai,100.0,100.0,,,https://wind.in-en.com/html/wind-2443691.shtml
2024,1,Shanxi,99.7,96.3,,,https://wind.in-en.com/html/wind-2443691.shtml
2024,1,Sichuan,100.0,100.0,,,https://wind.in-en.com/html/wind-2443691.shtml
2024,1,Tianjin,100.0,100.0,,,https://wind.in-en.com/html/wind-2443691.shtml
2024,1,Tibet,100.0,74.1,,,https://wind.in-en.com/html/wind-2443691.shtml
2024,1,Xinjiang,97.4,97.9,,,https://wind.in-en.com/html/wind-2443691.shtml
2024,1,Yunnan,99.9,98.9,,,https://wind.in-en.com/html/wind-2443691.shtml
2024,1,Zhejiang,100.0,100.0,,,https://wind.in-en.com/html/wind-2443691.shtml
2024,2,Anhui,99.4,98.6,99.7,99.4,https://wind.in-en.com/html/wind-2446300.shtml
2024,2,Beijing,94.9,98.6,98.0,99.2,https://wind.in-en.com/html/wind-2446300.shtml
2024,2,Chongqing,100.0,100.0,100.0,100.0,https://wind.in-en.com/html/wind-2446300.shtml
2024,2,Fujian,100.0,100.0,100.0,100.0,https://wind.in-en.com/html/wind-2446300.shtml
2024,2,Gansu,91.2,93.2,91.6,93.0,https://wind.in-en.com/html/wind-2446300.shtml
2024,2,Guangdong,99.6,99.8,99.7,99.9,https://wind.in-en.com/html/wind-2446300.shtml
2024,2,Guangxi,100.0,100.0,100.0,100.0,https://wind.in-en.com/html/wind-2446300.shtml
2024,2,Guizhou,98.9,97.4,99.1,98.0,https://wind.in-en.com/html/wind-2446300.shtml
2024,2,Hainan,100.0,97.8,100.0,98.7,https://wind.in-en.com/html/wind-2446300.shtml
2024,2,Hebei,84.0,87.4,91.3,92.6,https://wind.in-en.com/html/wind-2446300.shtml
2024,2,Heilongjiang,91.2,91.5,95.6,95.1,https://wind.in-en.com/html/wind-2446300.shtml
2024,2,Henan,89.1,95.1,93.8,96.5,https://wind.in-en.com/html/wind-2446300.shtml
2024,2,Hubei,97.1,88.3,98.4,94.4,https://wind.in-en.com/html/wind-2446300.shtml
2024,2,Hunan,93.9,99.5,96.7,99.7,https://wind.in-en.com/html/wind-2446300.shtml
2024,2,Inner Mongolia East,87.8,97.8,92.5,98.4,https://wind.in-en.com/html/wind-2446300.shtml
2024,2,Inner Mongolia West,90.3,88.6,94.1,92.5,https://wind.in-en.com/html/wind-2446300.shtml
2024,2,Jiangsu,99.5,98.6,99.7,99.3,https://wind.in-en.com/html/wind-2446300.shtml
2024,2,Jiangxi,97.9,87.5,98.8,94.4,https://wind.in-en.com/html/wind-2446300.shtml
2024,2,Jilin,82.9,94.7,90.3,94.8,https://wind.in-en.com/html/wind-2446300.shtml
2024,2,Liaoning,91.0,94.1,94.2,96.3,https://wind.in-en.com/html/wind-2446300.shtml
2024,2,National,93.7,93.4,96.0,95.7,https://wind.in-en.com/html/wind-2446300.shtml
2024,2,Ningxia,97.7,92.2,98.3,95.9,https://wind.in-en.com/html/wind-2446300.shtml
2024,2,Qinghai,92.4,89.7,93.3,91.5,https://wind.in-en.com/html/wind-2446300.shtml
2024,2,Shaanxi,94.2,89.7,96.0,94.2,https://wind.in-en.com/html/wind-2446300.shtml
2024,2,Shandong,90.1,90.8,93.8,95.1,https://wind.in-en.com/html/wind-2446300.shtml
2024,2,Shanghai,100.0,100.0,100.0,100.0,https://wind.in-en.com/html/wind-2446300.shtml
2024,2,Shanxi,95.9,94.4,98.2,95.5,https://wind.in-en.com/html/wind-2446300.shtml
2024,2,Sichuan,100.0,100.0,100.0,100.0,https://wind.in-en.com/html/wind-2446300.shtml
2024,2,Tianjin,95.3,93.6,98.1,96.8,https://wind.in-en.com/html/wind-2446300.shtml
2024,2,Tibet,100.0,70.9,100.0,72.5,https://wind.in-en.com/html/wind-2446300.shtml
2024,2,Xinjiang,95.9,95.1,96.6,96.4,https://wind.in-en.com/html/wind-2446300.shtml
2024,2,Yunnan,97.8,94.2,98.7,96.4,https://wind.in-en.com/html/wind-2446300.shtml
2024,2,Zhejiang,100.0,100.0,100.0,100.0,https://wind.in-en.com/html/wind-2446300.shtml
2024,3,Anhui,100.0,100.0,99.8,99.7,https://wind.in-en.com/html/wind-2448516.shtml
2024,3,Beijing,96.4,99.4,97.5,99.2,https://wind.in-en.com/html/wind-2448516.shtml
2024,3,Chongqing,100.0,100.0,100.0,100.0,https://wind.in-en.com/html/wind-2448516.shtml
2024,3,Fujian,100.0,100.0,100.0,100.0,https://wind.in-en.com/html/wind-2448516.shtml
2024,3,Gansu,91.1,90.6,91.4,92.1,https://wind.in-en.com/html/wind-2448516.shtml
2024,3,Guangdong,99.6,99.8,99.7,99.9,https://wind.in-en.com/html/wind-2448516.shtml
2024,3,Guangxi,100.0,100.0,100.0,100.0,https://wind.in-en.com/html/wind-2448516.shtml
2024,3,Guizhou,99.5,98.7,99.3,98.3,https://wind.in-en.com/html/wind-2448516.shtml
2024,3,Hainan,99.5,99.1,99.8,98.9,https://wind.in-en.com/html/wind-2448516.shtml
2024,3,Hebei,94.8,94.0,92.7,93.2,https://wind.in-en.com/html/wind-2448516.shtml
2024,3,Heilongjiang,95.4,96.4,95.5,95.6,https://wind.in-en.com/html/wind-2448516.shtml
2024,3,Henan,93.4,94.6,93.6,95.7,https://wind.in-en.com/html/wind-2448516.shtml
2024,3,Hubei,98.7,95.0,98.5,94.7,https://wind.in-en.com/html/wind-2448516.shtml
2024,3,Hunan,99.4,99.8,97.8,99.8,https://wind.in-en.com/html/wind-2448516.shtml
2024,3,Inner Mongolia East,94.2,96.7,93.1,97.7,https://wind.in-en.com/html/wind-2448516.shtml
2024,3,Inner Mongolia West,94.2,92.2,94.1,92.4,https://wind.in-en.com/html/wind-2448516.shtml
2024,3,Jiangsu,100.0,100.0,99.8,99.7,https://wind.in-en.com/html/wind-2448516.shtml
2024,3,Jiangxi,99.9,99.5,99.2,96.6,https://wind.in-en.com/html/wind-2448516.shtml
2024,3,Jilin,93.9,97.3,91.7,95.9,https://wind.in-en.com/html/wind-2448516.shtml
2024,3,Liaoning,95.6,96.7,94.7,96.5,https://wind.in-en.com/html/wind-2448516.shtml
2024,3,National,96.3,96.4,96.1,96.0,https://wind.in-en.com/html/wind-2448516.shtml
2024,3,Ningxia,96.9,96.3,97.7,96.1,https://wind.in-en.com/html/wind-2448516.shtml
2024,3,Qinghai,92.4,90.8,92.9,91.2,https://wind.in-en.com/html/wind-2448516.shtml
2024,3,Shaanxi,94.6,94.1,95.4,94.1,https://wind.in-en.com/html/wind-2448516.shtml
2024,3,Shandong,96.1,98.4,94.7,96.6,https://wind.in-en.com/html/wind-2448516.shtml
2024,3,Shanghai,100.0,100.0,100.0,100.0,https://wind.in-en.com/html/wind-2448516.shtml
2024,3,Shanxi,97.9,97.9,98.1,96.5,https://wind.in-en.com/html/wind-2448516.shtml
2024,3,Sichuan,100.0,100.0,100.0,100.0,https://wind.in-en.com/html/wind-2448516.shtml
2024,3,Tianjin,99.8,99.4,98.8,98.0,https://wind.in-en.com/html/wind-2448516.shtml
2024,3,Tibet,97.4,69.2,98.8,71.3,https://wind.in-en.com/html/wind-2448516.shtml
2024,3,Xinjiang,93.5,95.4,95.4,96.0,https://wind.in-en.com/html/wind-2448516.shtml
2024,3,Yunnan,99.5,97.3,98.9,96.8,https://wind.in-en.com/html/wind-2448516.shtml
2024,3,Zhejiang,100.0,100.0,100.0,100.0,https://wind.in-en.com/html/wind-2448516.shtml
2024,4,Anhui,100.0,100.0,99.9,99.8,https://wind.in-en.com/html/wind-2450424.shtml
2024,4,Beijing,98.6,99.8,97.7,99.4,https://wind.in-en.com/html/wind-2450424.shtml
2024,4,Chongqing,100.0,100.0,100.0,100.0,https://wind.in-en.com/html/wind-2450424.shtml
2024,4,Fujian,100.0,100.0,100.0,100.0,https://wind.in-en.com/html/wind-2450424.shtml
2024,4,Gansu,94.1,88.7,92.2,91.1,https://wind.in-en.com/html/wind-2450424.shtml
2024,4,Guangdong,98.1,99.6,99.3,99.8,https://wind.in-en.com/html/wind-2450424.shtml
2024,4,Guangxi,99.9,99.8,100.0,100.0,https://wind.in-en.com/html/wind-2450424.shtml
2024,4,Guizhou,99.4,98.8,99.3,98.5,https://wind.in-en.com/html/wind-2450424.shtml
2024,4,Hainan,100.0,100.0,99.9,99.2,https://wind.in-en.com/html/wind-2450424.shtml
2024,4,Hebei,94.9,97.1,93.2,94.4,https://wind.in-en.com/html/wind-2450424.shtml
2024,4,Heilongjiang,95.3,96.0,95.4,95.7,https://wind.in-en.com/html/wind-2450424.shtml
2024,4,Henan,97.8,97.4,94.6,96.3,https://wind.in-en.com/html/wind-2450424.shtml
2024,4,Hubei,99.5,97.6,98.8,95.5,https://wind.in-en.com/html/wind-2450424.shtml
2024,4,Hunan,92.2,96.0,96.5,98.7,https://wind.in-en.com/html/wind-2450424.shtml
2024,4,Inner Mongolia East,91.9,96.6,92.8,97.4,https://wind.in-en.com/html/wind-2450424.shtml
2024,4,Inner Mongolia West,93.6,93.0,94.0,92.6,https://wind.in-en.com/html/wind-2450424.shtml
2024,4,Jiangsu,100.0,100.0,99.8,99.8,https://wind.in-en.com/html/wind-2450424.shtml
2024,4,Jiangxi,100.0,99.9,99.4,97.4,https://wind.in-en.com/html/wind-2450424.shtml
2024,4,Jilin,91.8,96.4,91.7,96.0,https://wind.in-en.com/html/wind-2450424.shtml
2024,4,Liaoning,92.5,94.1,94.1,95.8,https://wind.in-en.com/html/wind-2450424.shtml
2024,4,National,96.1,97.1,96.1,96.3,https://wind.in-en.com/html/wind-2450424.shtml
2024,4,Ningxia,99.0,97.3,98.0,96.4,https://wind.in-en.com/html/wind-2450424.shtml
2024,4,Qinghai,92.3,92.2,92.7,91.5,https://wind.in-en.com/html/wind-2450424.shtml
2024,4,Shaanxi,95.8,96.0,95.5,94.7,https://wind.in-en.com/html/wind-2450424.shtml
2024,4,Shandong,98.5,99.3,95.6,97.5,https://wind.in-en.com/html/wind-2450424.shtml
2024,4,Shanghai,100.0,100.0,100.0,100.0,https://wind.in-en.com/html/wind-2450424.shtml
2024,4,Shanxi,99.9,99.9,98.5,97.5,https://wind.in-en.com/html/wind-2450424.shtml
2024,4,Sichuan,100.0,98.2,100.0,99.5,https://wind.in-en.com/html/wind-2450424.shtml
2024,4,Tianjin,99.9,99.7,99.2,98.5,https://wind.in-en.com/html/wind-2450424.shtml
2024,4,Tibet,92.7,73.3,96.9,71.8,https://wind.in-en.com/html/wind-2450424.shtml
2024,4,Xinjiang,93.1,93.6,94.7,95.3,https://wind.in-en.com/html/wind-2450424.shtml
2024,4,Yunnan,99.3,97.0,99.0,96.8,https://wind.in-en.com/html/wind-2450424.shtml
2024,4,Zhejiang,100.0,100.0,100.0,100.0,https://wind.in-en.com/html/wind-2450424.shtml
2024,5,Anhui,100.0,100.0,99.9,99.8,https://wind.in-en.com/html/wind-2451688.shtml
2024,5,Beijing,98.1,99.8,97.8,99.5,https://wind.in-en.com/html/wind-2451688.shtml
2024,5,Chongqing,100.0,100.0,100.0,100.0,https://wind.in-en.com/html/wind-2451688.shtml
2024,5,Fujian,100.0,100.0,100.0,100.0,https://wind.in-en.com/html/wind-2451688.shtml
2024,5,Gansu,97.5,93.3,93.5,91.6,https://wind.in-en.com/html/wind-2451688.shtml
2024,5,Guangdong,99.9,99.9,99.4,99.8,https://wind.in-en.com/html/wind-2451688.shtml
2024,5,Guangxi,100.0,100.0,100.0,100.0,https://wind.in-en.com/html/wind-2451688.shtml
2024,5,Guizhou,100.0,100.0,99.4,98.8,https://wind.in-en.com/html/wind-2451688.shtml
2024,5,Hainan,100.0,100.0,99.9,99.4,https://wind.in-en.com/html/wind-2451688.shtml
2024,5,Hebei,93.3,96.3,93.2,94.9,https://wind.in-en.com/html/wind-2451688.shtml
2024,5,Heilongjiang,88.7,93.4,94.0,95.2,https://wind.in-en.com/html/wind-2451688.shtml
2024,5,Henan,95.8,97.0,94.8,96.5,https://wind.in-en.com/html/wind-2451688.shtml
2024,5,Hubei,99.0,98.0,98.8,96.2,https://wind.in-en.com/html/wind-2451688.shtml
2024,5,Hunan,95.0,99.6,96.3,99.0,https://wind.in-en.com/html/wind-2451688.shtml
2024,5,Inner Mongolia East,89.1,95.8,92.0,97.1,https://wind.in-en.com/html/wind-2451688.shtml
2024,5,Inner Mongolia West,92.2,96.5,93.6,93.5,https://wind.in-en.com/html/wind-2451688.shtml
2024,5,Jiangsu,100.0,100.0,99.9,99.8,https://wind.in-en.com/html/wind-2451688.shtml
2024,5,Jiangxi,99.7,98.9,99.5,97.9,https://wind.in-en.com/html/wind-2451688.shtml
2024,5,Jilin,89.3,95.9,91.2,96.0,https://wind.in-en.com/html/wind-2451688.shtml
2024,5,Liaoning,88.4,93.1,92.8,95.1,https://wind.in-en.com/html/wind-2451688.shtml
2024,5,National,94.8,97.5,95.9,96.7,https://wind.in-en.com/html/wind-2451688.shtml
2024,5,Ningxia,98.0,97.3,98.0,96.6,https://wind.in-en.com/html/wind-2451688.shtml
2024,5,Qinghai,94.0,90.7,93.0,91.3,https://wind.in-en.com/html/wind-2451688.shtml
2024,5,Shaanxi,96.0,96.6,95.6,95.2,https://wind.in-en.com/html/wind-2451688.shtml
2024,5,Shandong,95.4,98.7,95.5,97.8,https://wind.in-en.com/html/wind-2451688.shtml
2024,5,Shanghai,100.0,100.0,100.0,100.0,https://wind.in-en.com/html/wind-2451688.shtml
2024,5,Shanxi,99.6,99.9,98.7,98.1,https://wind.in-en.com/html/wind-2451688.shtml
2024,5,Sichuan,100.0,100.0,100.0,99.6,https://wind.in-en.com/html/wind-2451688.shtml
2024,5,Tianjin,99.7,99.7,99.3,98.8,https://wind.in-en.com/html/wind-2451688.shtml
2024,5,Tibet,100.0,78.4,97.4,73.2,https://wind.in-en.com/html/wind-2451688.shtml
2024,5,Xinjiang,92.3,94.2,94.1,95.0,https://wind.in-en.com/html/wind-2451688.shtml
2024,5,Yunnan,98.8,96.8,99.0,96.8,https://wind.in-en.com/html/wind-2451688.shtml
2024,5,Zhejiang,100.0,100.0,100.0,100.0,https://wind.in-en.com/html/wind-2451688.shtml
2024,6,Anhui,100.0,100.0,99.9,99.9,https://wind.in-en.com/html/wind-2452727.shtml
2024,6,Beijing,100.0,100.0,97.9,99.7,https://wind.in-en.com/html/wind-2452727.shtml
2024,6,Chongqing,100.0,100.0,100.0,100.0,https://wind.in-en.com/html/wind-2452727.shtml
2024,6,Fujian,100.0,100.0,100.0,100.0,https://wind.in-en.com/html/wind-2452727.shtml
2024,6,Gansu,96.0,92.0,93.9,91.7,https://wind.in-en.com/html/wind-2452727.shtml
2024,6,Guangdong,99.7,99.9,99.5,99.8,https://wind.in-en.com/html/wind-2452727.shtml
2024,6,Guangxi,100.0,100.0,100.0,100.0,https://wind.in-en.com/html/wind-2452727.shtml
2024,6,Guizhou,100.0,99.5,99.5,98.9,https://wind.in-en.com/html/wind-2452727.shtml
2024,6,Hainan,100.0,100.0,99.9,99.5,https://wind.in-en.com/html/wind-2452727.shtml
2024,6,Hebei,95.2,98.7,93.5,95.6,https://wind.in-en.com/html/wind-2452727.shtml
2024,6,Heilongjiang,97.5,98.7,94.4,95.8,https://wind.in-en.com/html/wind-2452727.shtml
2024,6,Henan,99.7,99.9,95.5,97.3,https://wind.in-en.com/html/wind-2452727.shtml
2024,6,Hubei,99.5,99.3,98.9,96.8,https://wind.in-en.com/html/wind-2452727.shtml
2024,6,Hunan,92.1,97.7,95.6,98.7,https://wind.in-en.com/html/wind-2452727.shtml
2024,6,Inner Mongolia East,97.0,98.5,92.6,97.3,https://wind.in-en.com/html/wind-2452727.shtml
2024,6,Inner Mongolia West,95.8,98.3,94.0,94.4,https://wind.in-en.com/html/wind-2452727.shtml
2024,6,Jiangsu,100.0,100.0,99.9,99.9,https://wind.in-en.com/html/wind-2452727.shtml
2024,6,Jiangxi,100.0,99.9,99.6,98.2,https://wind.in-en.com/html/wind-2452727.shtml
2024,6,Jilin,97.4,99.2,92.1,96.6,https://wind.in-en.com/html/wind-2452727.shtml
2024,6,Liaoning,98.3,99.4,93.6,96.0,https://wind.in-en.com/html/wind-2452727.shtml
2024,6,National,97.6,98.3,96.1,97.0,https://wind.in-en.com/html/wind-2452727.shtml
2024,6,Ningxia,99.2,99.3,98.2,97.1,https://wind.in-en.com/html/wind-2452727.shtml
2024,6,Qinghai,92.9,90.7,93.0,91.2,https://wind.in-en.com/html/wind-2452727.shtml
2024,6,Shaanxi,97.7,98.3,96.0,95.9,https://wind.in-en.com/html/wind-2452727.shtml
2024,6,Shandong,99.8,99.9,96.1,98.2,https://wind.in-en.com/html/wind-2452727.shtml
2024,6,Shanghai,100.0,100.0,100.0,100.0,https://wind.in-en.com/html/wind-2452727.shtml
2024,6,Shanxi,99.7,100.0,98.8,98.5,https://wind.in-en.com/html/wind-2452727.shtml
2024,6,Sichuan,100.0,100.0,100.0,99.7,https://wind.in-en.com/html/wind-2452727.shtml
2024,6,Tianjin,100.0,100.0,99.4,99.1,https://wind.in-en.com/html/wind-2452727.shtml
2024,6,Tibet,100.0,64.6,97.7,71.7,https://wind.in-en.com/html/wind-2452727.shtml
2024,6,Xinjiang,95.3,94.5,94.3,94.9,https://wind.in-en.com/html/wind-2452727.shtml
2024,6,Yunnan,99.8,98.2,99.1,97.0,https://wind.in-en.com/html/wind-2452727.shtml
2024,6,Zhejiang,100.0,100.0,100.0,100.0,https://wind.in-en.com/html/wind-2452727.shtml
2024,7,Anhui,100.0,100.0,99.9,99.9,https://wind.in-en.com/html/wind-2453312.shtml
2024,7,Beijing,100.0,100.0,98.1,99.7,https://wind.in-en.com/html/wind-2453312.shtml
2024,7,Chongqing,100.0,100.0,100.0,100.0,https://wind.in-en.com/html/wind-2453312.shtml
2024,7,Fujian,100.0,100.0,100.0,100.0,https://wind.in-en.com/html/wind-2453312.shtml
2024,7,Gansu,94.1,92.7,93.9,91.9,https://wind.in-en.com/html/wind-2453312.shtml
2024,7,Guangdong,99.3,99.9,99.4,99.9,https://wind.in-en.com/html/wind-2453312.shtml
2024,7,Guangxi,97.5,95.6,99.6,99.0,https://wind.in-en.com/html/wind-2453312.shtml
2024,7,Guizhou,99.7,98.4,99.6,98.8,https://wind.in-en.com/html/wind-2453312.shtml
2024,7,Hainan,100.0,100.0,99.9,99.6,https://wind.in-en.com/html/wind-2453312.shtml
2024,7,Hebei,99.0,99.4,93.9,96.2,https://wind.in-en.com/html/wind-2453312.shtml
2024,7,Heilongjiang,100.0,100.0,94.9,96.4,https://wind.in-en.com/html/wind-2453312.shtml
2024,7,Henan,98.6,99.4,95.9,97.6,https://wind.in-en.com/html/wind-2453312.shtml
2024,7,Hubei,92.9,95.9,97.4,96.6,https://wind.in-en.com/html/wind-2453312.shtml
2024,7,Hunan,94.7,99.4,95.4,98.9,https://wind.in-en.com/html/wind-2453312.shtml
2024,7,Inner Mongolia East,98.1,99.6,93.1,97.6,https://wind.in-en.com/html/wind-2453312.shtml
2024,7,Inner Mongolia West,98.7,98.6,94.4,95.0,https://wind.in-en.com/html/wind-2453312.shtml
2024,7,Jiangsu,100.0,100.0,99.9,99.9,https://wind.in-en.com/html/wind-2453312.shtml
2024,7,Jiangxi,99.9,99.8,99.7,98.6,https://wind.in-en.com/html/wind-2453312.shtml
2024,7,Jilin,98.5,99.6,92.7,97.0,https://wind.in-en.com/html/wind-2453312.shtml
2024,7,Liaoning,99.4,100.0,94.1,96.6,https://wind.in-en.com/html/wind-2453312.shtml
2024,7,National,97.9,97.6,96.3,97.1,https://wind.in-en.com/html/wind-2453312.shtml
2024,7,Ningxia,99.2,98.5,98.3,97.4,https://wind.in-en.com/html/wind-2453312.shtml
2024,7,Qinghai,94.8,89.1,93.2,90.9,https://wind.in-en.com/html/wind-2453312.shtml
2024,7,Shaanxi,98.6,98.0,96.2,96.2,https://wind.in-en.com/html/wind-2453312.shtml
2024,7,Shandong,99.6,99.8,96.5,98.5,https://wind.in-en.com/html/wind-2453312.shtml
2024,7,Shanghai,100.0,100.0,100.0,100.0,https://wind.in-en.com/html/wind-2453312.shtml
2024,7,Shanxi,100.0,100.0,98.9,98.7,https://wind.in-en.com/html/wind-2453312.shtml
2024,7,Sichuan,99.9,100.0,100.0,99.7,https://wind.in-en.com/html/wind-2453312.shtml
2024,7,Tianjin,100.0,100.0,99.4,99.3,https://wind.in-en.com/html/wind-2453312.shtml
2024,7,Tibet,54.1,67.4,94.1,71.1,https://wind.in-en.com/html/wind-2453312.shtml
2024,7,Xinjiang,93.8,91.5,94.2,94.3,https://wind.in-en.com/html/wind-2453312.shtml
2024,7,Yunnan,98.0,86.9,99.0,95.5,https://wind.in-en.com/html/wind-2453312.shtml
2024,7,Zhejiang,100.0,100.0,100.0,100.0,https://wind.in-en.com/html/wind-2453312.shtml
2024,8,Anhui,100.0,100.0,99.9,99.9,https://newenergy.in-en.com/html/newenergy-2436935.shtml
2024,8,Beijing,100.0,100.0,98.2,99.8,https://newenergy.in-en.com/html/newenergy-2436935.shtml
2024,8,Chongqing,100.0,100.0,100.0,100.0,https://newenergy.in-en.com/html/newenergy-2436935.shtml
2024,8,Fujian,100.0,100.0,100.0,100.0,https://newenergy.in-en.com/html/newenergy-2436935.shtml
2024,8,Gansu,89.2,90.7,93.2,91.7,https://newenergy.in-en.com/html/newenergy-2436935.shtml
2024,8,Guangdong,98.8,99.9,99.4,99.9,https://newenergy.in-en.com/html/newenergy-2436935.shtml
2024,8,Guangxi,95.9,98.0,99.4,98.8,https://newenergy.in-en.com/html/newenergy-2436935.shtml
2024,8,Guizhou,99.9,98.1,99.6,98.7,https://newenergy.in-en.com/html/newenergy-2436935.shtml
2024,8,Hainan,100.0,100.0,99.9,99.7,https://newenergy.in-en.com/html/newenergy-2436935.shtml
2024,8,Hebei,97.4,99.2,94.2,96.6,https://newenergy.in-en.com/html/newenergy-2436935.shtml
2024,8,Heilongjiang,99.4,100.0,95.2,96.9,https://newenergy.in-en.com/html/newenergy-2436935.shtml
2024,8,Henan,97.9,99.8,96.1,98.0,https://newenergy.in-en.com/html/newenergy-2436935.shtml
2024,8,Hubei,99.5,99.3,97.6,97.2,https://newenergy.in-en.com/html/newenergy-2436935.shtml
2024,8,Hunan,99.9,100.0,95.8,99.1,https://newenergy.in-en.com/html/newenergy-2436935.shtml
2024,8,Inner Mongolia East,99.0,99.7,93.5,97.9,https://newenergy.in-en.com/html/newenergy-2436935.shtml
2024,8,Inner Mongolia West,97.8,98.5,95.2,94.3,https://newenergy.in-en.com/html/newenergy-2436935.shtml
2024,8,Jiangsu,100.0,100.0,99.9,99.9,https://newenergy.in-en.com/html/newenergy-2436935.shtml
2024,8,Jiangxi,100.0,100.0,99.7,98.9,https://newenergy.in-en.com/html/newenergy-2436935.shtml
2024,8,Jilin,99.5,100.0,93.2,97.4,https://newenergy.in-en.com/html/newenergy-2436935.shtml
2024,8,Liaoning,99.9,100.0,94.4,97.0,https://newenergy.in-en.com/html/newenergy-2436935.shtml
2024,8,National,96.5,97.7,96.4,97.2,https://newenergy.in-en.com/html/newenergy-2436935.shtml
2024,8,Ningxia,95.9,95.0,98.0,97.0,https://newenergy.in-en.com/html/newenergy-2436935.shtml
2024,8,Qinghai,92.2,86.9,93.1,90.4,https://newenergy.in-en.com/html/newenergy-2436935.shtml
2024,8,Shaanxi,93.9,96.6,95.9,96.3,https://newenergy.in-en.com/html/newenergy-2436935.shtml
2024,8,Shandong,99.4,99.9,96.7,98.7,https://newenergy.in-en.com/html/newenergy-2436935.shtml
2024,8,Shanghai,100.0,100.0,100.0,100.0,https://newenergy.in-en.com/html/newenergy-2436935.shtml
2024,8,Shanxi,99.7,100.0,99.0,98.9,https://newenergy.in-en.com/html/newenergy-2436935.shtml
2024,8,Sichuan,99.8,99.0,100.0,99.6,https://newenergy.in-en.com/html/newenergy-2436935.shtml
2024,8,Tianjin,100.0,100.0,99.5,99.4,https://newenergy.in-en.com/html/newenergy-2436935.shtml
2024,8,Tibet,54.6,70.0,86.6,70.9,https://newenergy.in-en.com/html/newenergy-2436935.shtml
2024,8,Xinjiang,91.6,89.7,93.9,93.6,https://newenergy.in-en.com/html/newenergy-2436935.shtml
2024,8,Yunnan,98.0,94.7,98.9,95.4,https://newenergy.in-en.com/html/newenergy-2436935.shtml
2024,8,Zhejiang,100.0,100.0,100.0,100.0,https://newenergy.in-en.com/html/newenergy-2436935.shtml
2024,9,Anhui,100.0,100.0,99.9,99.9,https://newenergy.in-en.com/html/newenergy-2437277.shtml
2024,9,Beijing,100.0,100.0,98.3,99.8,https://newenergy.in-en.com/html/newenergy-2437277.shtml
2024,9,Chongqing,100.0,100.0,100.0,100.0,https://newenergy.in-en.com/html/newenergy-2437277.shtml
2024,9,Fujian,100.0,100.0,100.0,100.0,https://newenergy.in-en.com/html/newenergy-2437277.shtml
2024,9,Gansu,98.0,96.9,93.8,92.1,https://newenergy.in-en.com/html/newenergy-2437277.shtml
2024,9,Guangdong,99.3,100.0,99.4,99.9,https://newenergy.in-en.com/html/newenergy-2437277.shtml
2024,9,Guangxi,98.9,99.6,99.3,98.9,https://newenergy.in-en.com/html/newenergy-2437277.shtml
2024,9,Guizhou,99.8,96.5,99.6,98.4,https://newenergy.in-en.com/html/newenergy-2437277.shtml
2024,9,Hainan,100.0,100.0,99.9,99.7,https://newenergy.in-en.com/html/newenergy-2437277.shtml
2024,9,Hebei,95.6,98.4,94.3,96.8,https://newenergy.in-en.com/html/newenergy-2437277.shtml
2024,9,Heilongjiang,97.2,98.2,95.5,97.0,https://newenergy.in-en.com/html/newenergy-2437277.shtml
2024,9,Henan,97.7,99.4,96.3,98.1,https://newenergy.in-en.com/html/newenergy-2437277.shtml
2024,9,Hubei,99.4,98.9,97.9,97.4,https://newenergy.in-en.com/html/newenergy-2437277.shtml
2024,9,Hunan,99.7,99.7,96.2,99.2,https://newenergy.in-en.com/html/newenergy-2437277.shtml
2024,9,Inner Mongolia East,95.1,98.5,93.6,97.9,https://newenergy.in-en.com/html/newenergy-2437277.shtml
2024,9,Inner Mongolia West,97.4,98.9,95.5,94.7,https://newenergy.in-en.com/html/newenergy-2437277.shtml
2024,9,Jiangsu,99.2,99.8,99.8,99.9,https://newenergy.in-en.com/html/newenergy-2437277.shtml
2024,9,Jiangxi,99.9,99.8,99.7,99.0,https://newenergy.in-en.com/html/newenergy-2437277.shtml
2024,9,Jilin,98.0,99.2,93.7,97.6,https://newenergy.in-en.com/html/newenergy-2437277.shtml
2024,9,Liaoning,97.9,97.9,94.8,97.1,https://newenergy.in-en.com/html/newenergy-2437277.shtml
2024,9,National,96.8,97.9,96.4,97.2,https://newenergy.in-en.com/html/newenergy-2437277.shtml
2024,9,Ningxia,94.3,92.6,97.5,96.7,https://newenergy.in-en.com/html/newenergy-2437277.shtml
2024,9,Qinghai,94.1,90.2,93.2,90.3,https://newenergy.in-en.com/html/newenergy-2437277.shtml
2024,9,Shaanxi,90.6,95.1,95.1,96.1,https://newenergy.in-en.com/html/newenergy-2437277.shtml
2024,9,Shandong,98.5,99.6,96.8,98.8,https://newenergy.in-en.com/html/newenergy-2437277.shtml
2024,9,Shanghai,100.0,100.0,100.0,100.0,https://newenergy.in-en.com/html/newenergy-2437277.shtml
2024,9,Shanxi,99.2,100.0,99.0,99.0,https://newenergy.in-en.com/html/newenergy-2437277.shtml
2024,9,Sichuan,99.8,97.7,100.0,99.3,https://newenergy.in-en.com/html/newenergy-2437277.shtml
2024,9,Tianjin,100.0,100.0,99.5,99.4,https://newenergy.in-en.com/html/newenergy-2437277.shtml
2024,9,Tibet,88.7,73.2,86.7,71.0,https://newenergy.in-en.com/html/newenergy-2437277.shtml
2024,9,Xinjiang,88.3,87.5,93.3,92.9,https://newenergy.in-en.com/html/newenergy-2437277.shtml
2024,9,Yunnan,99.7,99.5,99.0,96.0,https://newenergy.in-en.com/html/newenergy-2437277.shtml
2024,9,Zhejiang,100.0,100.0,100.0,100.0,https://newenergy.in-en.com/html/newenergy-2437277.shtml
2024,10,Anhui,100.0,100.0,99.9,99.9,https://newenergy.in-en.com/html/newenergy-2437727.shtml
2024,10,Beijing,100.0,99.9,98.5,99.8,https://newenergy.in-en.com/html/newenergy-2437727.shtml
2024,10,Chongqing,100.0,100.0,100.0,100.0,https://newenergy.in-en.com/html/newenergy-2437727.shtml
2024,10,Fujian,100.0,100.0,100.0,100.0,https://newenergy.in-en.com/html/newenergy-2437727.shtml
2024,10,Gansu,92.9,87.6,93.7,91.7,https://newenergy.in-en.com/html/newenergy-2437727.shtml
2024,10,Guangdong,99.3,99.9,99.4,99.9,https://newenergy.in-en.com/html/newenergy-2437727.shtml
2024,10,Guangxi,95.5,96.4,98.4,98.5,https://newenergy.in-en.com/html/newenergy-2437727.shtml
2024,10,Guizhou,99.8,95.5,99.6,98.0,https://newenergy.in-en.com/html/newenergy-2437727.shtml
2024,10,Hainan,100.0,100.0,99.9,99.9,https://newenergy.in-en.com/html/newenergy-2437727.shtml
2024,10,Hebei,97.0,95.3,94.6,96.7,https://newenergy.in-en.com/html/newenergy-2437727.shtml
2024,10,Heilongjiang,92.2,94.8,95.0,96.8,https://newenergy.in-en.com/html/newenergy-2437727.shtml
2024,10,Henan,96.4,97.9,96.3,98.1,https://newenergy.in-en.com/html/newenergy-2437727.shtml
2024,10,Hubei,99.5,97.3,98.0,97.4,https://newenergy.in-en.com/html/newenergy-2437727.shtml
2024,10,Hunan,99.8,100.0,96.7,99.3,https://newenergy.in-en.com/html/newenergy-2437727.shtml
2024,10,Inner Mongolia East,91.7,95.1,93.4,97.6,https://newenergy.in-en.com/html/newenergy-2437727.shtml
2024,10,Inner Mongolia West,94.9,95.4,95.4,94.8,https://newenergy.in-en.com/html/newenergy-2437727.shtml
2024,10,Jiangsu,99.6,99.8,99.8,99.9,https://newenergy.in-en.com/html/newenergy-2437727.shtml
2024,10,Jiangxi,97.7,97.0,99.4,98.8,https://newenergy.in-en.com/html/newenergy-2437727.shtml
2024,10,Jilin,95.4,98.3,94.0,97.7,https://newenergy.in-en.com/html/newenergy-2437727.shtml
2024,10,Liaoning,96.7,97.2,95.0,97.1,https://newenergy.in-en.com/html/newenergy-2437727.shtml
2024,10,National,96.2,95.8,96.4,97.1,https://newenergy.in-en.com/html/newenergy-2437727.shtml
2024,10,Ningxia,97.8,88.3,97.5,95.9,https://newenergy.in-en.com/html/newenergy-2437727.shtml
2024,10,Qinghai,91.6,88.6,93.1,90.2,https://newenergy.in-en.com/html/newenergy-2437727.shtml
2024,10,Shaanxi,93.1,91.6,94.8,95.7,https://newenergy.in-en.com/html/newenergy-2437727.shtml
2024,10,Shandong,94.0,96.4,96.6,98.5,https://newenergy.in-en.com/html/newenergy-2437727.shtml
2024,10,Shanghai,100.0,100.0,100.0,100.0,https://newenergy.in-en.com/html/newenergy-2437727.shtml
2024,10,Shanxi,99.3,99.9,99.1,99.1,https://newenergy.in-en.com/html/newenergy-2437727.shtml
2024,10,Sichuan,99.8,96.0,100.0,99.1,https://newenergy.in-en.com/html/newenergy-2437727.shtml
2024,10,Tianjin,99.6,99.6,99.5,99.5,https://newenergy.in-en.com/html/newenergy-2437727.shtml
2024,10,Tibet,65.3,65.5,83.5,70.4,https://newenergy.in-en.com/html/newenergy-2437727.shtml
2024,10,Xinjiang,93.2,87.9,93.3,92.4,https://newenergy.in-en.com/html/newenergy-2437727.shtml
2024,10,Yunnan,99.9,99.6,99.1,96.3,https://newenergy.in-en.com/html/newenergy-2437727.shtml
2024,10,Zhejiang,100.0,100.0,100.0,100.0,https://newenergy.in-en.com/html/newenergy-2437727.shtml
2024,11,Anhui,100.0,100.0,99.9,99.9,https://newenergy.in-en.com/html/newenergy-2438206.shtml
2024,11,Beijing,98.3,99.8,98.5,99.8,https://newenergy.in-en.com/html/newenergy-2438206.shtml
2024,11,Chongqing,100.0,100.0,100.0,100.0,https://newenergy.in-en.com/html/newenergy-2438206.shtml
2024,11,Fujian,100.0,100.0,100.0,100.0,https://newenergy.in-en.com/html/newenergy-2438206.shtml
2024,11,Gansu,96.7,91.1,93.9,91.6,https://newenergy.in-en.com/html/newenergy-2438206.shtml
2024,11,Guangdong,100.0,100.0,99.5,99.9,https://newenergy.in-en.com/html/newenergy-2438206.shtml
2024,11,Guangxi,97.7,99.0,98.4,98.6,https://newenergy.in-en.com/html/newenergy-2438206.shtml
2024,11,Guizhou,99.7,97.6,99.6,98.0,https://newenergy.in-en.com/html/newenergy-2438206.shtml
2024,11,Hainan,100.0,99.1,99.9,99.8,https://newenergy.in-en.com/html/newenergy-2438206.shtml
2024,11,Hebei,89.8,94.1,94.0,96.5,https://newenergy.in-en.com/html/newenergy-2438206.shtml
2024,11,Heilongjiang,94.6,94.4,95.0,96.6,https://newenergy.in-en.com/html/newenergy-2438206.shtml
2024,11,Henan,96.3,98.2,96.3,98.1,https://newenergy.in-en.com/html/newenergy-2438206.shtml
2024,11,Hubei,99.4,98.6,98.1,97.5,https://newenergy.in-en.com/html/newenergy-2438206.shtml
2024,11,Hunan,100.0,100.0,97.0,99.4,https://newenergy.in-en.com/html/newenergy-2438206.shtml
2024,11,Inner Mongolia East,94.5,95.5,93.5,97.5,https://newenergy.in-en.com/html/newenergy-2438206.shtml
2024,11,Inner Mongolia West,95.1,94.5,95.4,94.7,https://newenergy.in-en.com/html/newenergy-2438206.shtml
2024,11,Jiangsu,99.1,99.8,99.7,99.9,https://newenergy.in-en.com/html/newenergy-2438206.shtml
2024,11,Jiangxi,99.9,99.6,99.5,98.9,https://newenergy.in-en.com/html/newenergy-2438206.shtml
2024,11,Jilin,90.3,96.1,93.5,97.6,https://newenergy.in-en.com/html/newenergy-2438206.shtml
2024,11,Liaoning,94.9,97.5,95.0,97.1,https://newenergy.in-en.com/html/newenergy-2438206.shtml
2024,11,National,95.8,96.2,96.3,97.0,https://newenergy.in-en.com/html/newenergy-2438206.shtml
2024,11,Ningxia,97.3,90.0,97.5,95.4,https://newenergy.in-en.com/html/newenergy-2438206.shtml
2024,11,Qinghai,89.9,90.6,92.8,90.2,https://newenergy.in-en.com/html/newenergy-2438206.shtml
2024,11,Shaanxi,89.5,88.0,94.3,95.1,https://newenergy.in-en.com/html/newenergy-2438206.shtml
2024,11,Shandong,93.5,97.8,96.4,98.5,https://newenergy.in-en.com/html/newenergy-2438206.shtml
2024,11,Shanghai,100.0,100.0,100.0,100.0,https://newenergy.in-en.com/html/newenergy-2438206.shtml
2024,11,Shanxi,98.5,98.4,99.0,99.0,https://newenergy.in-en.com/html/newenergy-2438206.shtml
2024,11,Sichuan,97.7,94.8,99.8,98.3,https://newenergy.in-en.com/html/newenergy-2438206.shtml
2024,11,Tianjin,98.8,98.6,99.5,99.4,https://newenergy.in-en.com/html/newenergy-2438206.shtml
2024,11,Tibet,77.1,65.2,82.5,69.8,https://newenergy.in-en.com/html/newenergy-2438206.shtml
2024,11,Xinjiang,93.1,90.1,93.3,92.2,https://newenergy.in-en.com/html/newenergy-2438206.shtml
2024,11,Yunnan,99.9,98.7,99.1,96.6,https://newenergy.in-en.com/html/newenergy-2438206.shtml
2024,11,Zhejiang,100.0,100.0,100.0,100.0,https://newenergy.in-en.com/html/newenergy-2438206.shtml
2024,12,Anhui,100.0,100.0,100.0,99.9,https://newenergy.in-en.com/html/newenergy-2438688.shtml
2024,12,Beijing,98.2,99.3,98.4,99.8,https://newenergy.in-en.com/html/newenergy-2438688.shtml
2024,12,Chongqing,100.0,100.0,100.0,100.0,https://newenergy.in-en.com/html/newenergy-2438688.shtml
2024,12,Fujian,100.0,100.0,100.0,100.0,https://newenergy.in-en.com/html/newenergy-2438688.shtml
2024,12,Gansu,96.2,87.6,94.0,91.3,https://newenergy.in-en.com/html/newenergy-2438688.shtml
2024,12,Guangdong,99.5,100.0,99.5,99.9,https://newenergy.in-en.com/html/newenergy-2438688.shtml
2024,12,Guangxi,97.5,99.2,98.2,98.6,https://newenergy.in-en.com/html/newenergy-2438688.shtml
2024,12,Guizhou,99.8,98.1,99.6,98.0,https://newenergy.in-en.com/html/newenergy-2438688.shtml
2024,12,Hainan,100.0,99.9,100.0,99.8,https://newenergy.in-en.com/html/newenergy-2438688.shtml
2024,12,Hebei,83.1,91.6,92.6,96.1,https://newenergy.in-en.com/html/newenergy-2438688.shtml
2024,12,Heilongjiang,97.3,97.8,95.2,96.7,https://newenergy.in-en.com/html/newenergy-2438688.shtml
2024,12,Henan,97.8,98.5,96.4,98.1,https://newenergy.in-en.com/html/newenergy-2438688.shtml
2024,12,Hubei,99.7,98.8,98.3,97.6,https://newenergy.in-en.com/html/newenergy-2438688.shtml
2024,12,Hunan,99.7,100.0,97.2,99.4,https://newenergy.in-en.com/html/newenergy-2438688.shtml
2024,12,Inner Mongolia East,96.9,95.2,94.0,97.3,https://newenergy.in-en.com/html/newenergy-2438688.shtml
2024,12,Inner Mongolia West,91.9,84.3,93.7,93.7,https://newenergy.in-en.com/html/newenergy-2438688.shtml
2024,12,Jiangsu,99.2,99.8,99.7,99.9,https://newenergy.in-en.com/html/newenergy-2438688.shtml
2024,12,Jiangxi,99.9,99.8,99.5,99.0,https://newenergy.in-en.com/html/newenergy-2438688.shtml
2024,12,Jilin,94.1,96.7,93.6,97.5,https://newenergy.in-en.com/html/newenergy-2438688.shtml
2024,12,Liaoning,98.3,98.6,95.3,97.2,https://newenergy.in-en.com/html/newenergy-2438688.shtml
2024,12,National,95.3,95.1,95.9,96.8,https://newenergy.in-en.com/html/newenergy-2438688.shtml
2024,12,Ningxia,98.8,93.3,97.6,95.3,https://newenergy.in-en.com/html/newenergy-2438688.shtml
2024,12,Qinghai,92.3,91.6,92.8,90.3,https://newenergy.in-en.com/html/newenergy-2438688.shtml
2024,12,Shaanxi,95.7,89.0,94.4,94.5,https://newenergy.in-en.com/html/newenergy-2438688.shtml
2024,12,Shandong,96.6,98.4,96.4,98.5,https://newenergy.in-en.com/html/newenergy-2438688.shtml
2024,12,Shanghai,100.0,100.0,100.0,100.0,https://newenergy.in-en.com/html/newenergy-2438688.shtml
2024,12,Shanxi,96.6,90.1,98.7,98.2,https://newenergy.in-en.com/html/newenergy-2438688.shtml
2024,12,Sichuan,98.6,96.5,99.6,98.1,https://newenergy.in-en.com/html/newenergy-2438688.shtml
2024,12,Tianjin,96.2,94.0,99.0,99.0,https://newenergy.in-en.com/html/newenergy-2438688.shtml
2024,12,Tibet,84.6,57.3,83.0,68.6,https://newenergy.in-en.com/html/newenergy-2438688.shtml
2024,12,Xinjiang,95.7,91.4,93.4,92.2,https://newenergy.in-en.com/html/newenergy-2438688.shtml
2024,12,Yunnan,99.1,97.6,99.1,96.7,https://newenergy.in-en.com/html/newenergy-2438688.shtml
2024,12,Zhejiang,100.0,100.0,100.0,100.0,https://newenergy.in-en.com/html/newenergy-2438688.shtml
2025,1,Anhui,99.6,99.4,,,https://m.cnfeol.com/Article/3370959.aspx
2025,1,Beijing,93.0,98.7,,,https://m.cnfeol.com/Article/3370959.aspx
2025,1,Chongqing,100.0,100.0,,,https://m.cnfeol.com/Article/3370959.aspx
2025,1,Fujian,100.0,100.0,,,https://m.cnfeol.com/Article/3370959.aspx
2025,1,Gansu,94.6,87.2,,,https://m.cnfeol.com/Article/3370959.aspx
2025,1,Guangdong,96.8,99.5,,,https://m.cnfeol.com/Article/3370959.aspx
2025,1,Guangxi,93.5,95.2,,,https://m.cnfeol.com/Article/3370959.aspx
2025,1,Guizhou,99.6,96.2,,,https://m.cnfeol.com/Article/3370959.aspx
2025,1,Hainan,99.8,96.2,,,https://m.cnfeol.com/Article/3370959.aspx
2025,1,Hebei,89.6,90.4,,,https://m.cnfeol.com/Article/3370959.aspx
2025,1,Heilongjiang,96.4,96.6,,,https://m.cnfeol.com/Article/3370959.aspx
2025,1,Henan,96.8,98.4,,,https://m.cnfeol.com/Article/3370959.aspx
2025,1,Hubei,98.6,92.8,,,https://m.cnfeol.com/Article/3370959.aspx
2025,1,Hunan,99.9,100.0,,,https://m.cnfeol.com/Article/3370959.aspx
2025,1,Inner Mongolia East,94.6,95.6,,,https://m.cnfeol.com/Article/3370959.aspx
2025,1,Inner Mongolia West,91.9,90.6,,,https://m.cnfeol.com/Article/3370959.aspx
2025,1,Jiangsu,97.8,99.6,,,https://m.cnfeol.com/Article/3370959.aspx
2025,1,Jiangxi,99.2,97.1,,,https://m.cnfeol.com/Article/3370959.aspx
2025,1,Jilin,93.1,99.1,,,https://m.cnfeol.com/Article/3370959.aspx
2025,1,Liaoning,96.4,98.7,,,https://m.cnfeol.com/Article/3370959.aspx
2025,1,National,94.8,94.4,,,https://m.cnfeol.com/Article/3370959.aspx
2025,1,Ningxia,96.2,90.6,,,https://m.cnfeol.com/Article/3370959.aspx
2025,1,Qinghai,91.7,92.5,,,https://m.cnfeol.com/Article/3370959.aspx
2025,1,Shaanxi,93.5,88.9,,,https://m.cnfeol.com/Article/3370959.aspx
2025,1,Shandong,93.6,96.5,,,https://m.cnfeol.com/Article/3370959.aspx
2025,1,Shanghai,100.0,100.0,,,https://m.cnfeol.com/Article/3370959.aspx
2025,1,Shanxi,96.6,98.0,,,https://m.cnfeol.com/Article/3370959.aspx
2025,1,Sichuan,97.5,97.9,,,https://m.cnfeol.com/Article/3370959.aspx
2025,1,Tianjin,94.9,93.3,,,https://m.cnfeol.com/Article/3370959.aspx
2025,1,Tibet,70.4,66.0,,,https://m.cnfeol.com/Article/3370959.aspx
2025,1,Xinjiang,94.2,89.2,,,https://m.cnfeol.com/Article/3370959.aspx
2025,1,Yunnan,96.8,96.3,,,https://m.cnfeol.com/Article/3370959.aspx
2025,1,Zhejiang,100.0,100.0,,,https://m.cnfeol.com/Article/3370959.aspx
2025,2,Anhui,99.7,99.7,99.6,99.6,https://newenergy.in-en.com/html/newenergy-2440272.shtml
2025,2,Beijing,81.5,98.3,88.0,98.6,https://newenergy.in-en.com/html/newenergy-2440272.shtml
2025,2,Chongqing,100.0,100.0,100.0,100.0,https://newenergy.in-en.com/html/newenergy-2440272.shtml
2025,2,Fujian,100.0,100.0,100.0,100.0,https://newenergy.in-en.com/html/newenergy-2440272.shtml
2025,2,Gansu,91.8,86.0,93.3,86.6,https://newenergy.in-en.com/html/newenergy-2440272.shtml
2025,2,Guangdong,98.4,99.9,97.6,99.7,https://newenergy.in-en.com/html/newenergy-2440272.shtml
2025,2,Guangxi,96.6,97.4,95.1,96.1,https://newenergy.in-en.com/html/newenergy-2440272.shtml
2025,2,Guizhou,98.9,97.3,99.3,96.7,https://newenergy.in-en.com/html/newenergy-2440272.shtml
2025,2,Hainan,99.4,97.2,99.7,96.7,https://newenergy.in-en.com/html/newenergy-2440272.shtml
2025,2,Hebei,83.0,87.7,86.3,89.0,https://newenergy.in-en.com/html/newenergy-2440272.shtml
2025,2,Heilongjiang,91.6,89.6,93.5,92.6,https://newenergy.in-en.com/html/newenergy-2440272.shtml
2025,2,Henan,96.2,98.0,96.5,98.2,https://newenergy.in-en.com/html/newenergy-2440272.shtml
2025,2,Hubei,98.7,95.4,98.7,94.1,https://newenergy.in-en.com/html/newenergy-2440272.shtml
2025,2,Hunan,100.0,100.0,99.9,100.0,https://newenergy.in-en.com/html/newenergy-2440272.shtml
2025,2,Inner Mongolia East,90.6,88.3,92.4,91.4,https://newenergy.in-en.com/html/newenergy-2440272.shtml
2025,2,Inner Mongolia West,89.5,83.4,90.8,84.4,https://newenergy.in-en.com/html/newenergy-2440272.shtml
2025,2,Jiangsu,99.1,99.8,98.4,99.7,https://newenergy.in-en.com/html/newenergy-2440272.shtml
2025,2,Jiangxi,99.8,98.6,99.5,97.6,https://newenergy.in-en.com/html/newenergy-2440272.shtml
2025,2,Jilin,92.8,94.5,92.9,96.5,https://newenergy.in-en.com/html/newenergy-2440272.shtml
2025,2,Liaoning,96.9,97.0,96.7,97.7,https://newenergy.in-en.com/html/newenergy-2440272.shtml
2025,2,National,92.9,93.4,93.8,93.9,https://newenergy.in-en.com/html/newenergy-2440272.shtml
2025,2,Ningxia,94.5,92.1,95.4,91.4,https://newenergy.in-en.com/html/newenergy-2440272.shtml
2025,2,Qinghai,92.6,88.2,92.2,90.3,https://newenergy.in-en.com/html/newenergy-2440272.shtml
2025,2,Shaanxi,91.6,89.2,92.6,89.0,https://newenergy.in-en.com/html/newenergy-2440272.shtml
2025,2,Shandong,89.5,94.5,91.6,95.4,https://newenergy.in-en.com/html/newenergy-2440272.shtml
2025,2,Shanghai,100.0,100.0,100.0,100.0,https://newenergy.in-en.com/html/newenergy-2440272.shtml
2025,2,Shanxi,91.7,96.7,94.4,97.3,https://newenergy.in-en.com/html/newenergy-2440272.shtml
2025,2,Sichuan,98.8,97.7,98.2,97.6,https://newenergy.in-en.com/html/newenergy-2440272.shtml
2025,2,Tianjin,95.0,91.9,95.0,92.6,https://newenergy.in-en.com/html/newenergy-2440272.shtml
2025,2,Tibet,74.7,70.0,72.5,67.8,https://newenergy.in-en.com/html/newenergy-2440272.shtml
2025,2,Xinjiang,94.2,91.9,94.2,90.6,https://newenergy.in-en.com/html/newenergy-2440272.shtml
2025,2,Yunnan,97.3,93.7,97.1,95.0,https://newenergy.in-en.com/html/newenergy-2440272.shtml
2025,2,Zhejiang,100.0,100.0,100.0,100.0,https://newenergy.in-en.com/html/newenergy-2440272.shtml
2025,3,Anhui,98.3,97.5,99.1,98.7,https://newenergy.in-en.com/html/newenergy-2441030.shtml
2025,3,Beijing,79.0,97.7,85.3,98.1,https://newenergy.in-en.com/html/newenergy-2441030.shtml
2025,3,Chongqing,100.0,100.0,100.0,100.0,https://newenergy.in-en.com/html/newenergy-2441030.shtml
2025,3,Fujian,100.0,100.0,100.0,100.0,https://newenergy.in-en.com/html/newenergy-2441030.shtml
2025,3,Gansu,90.0,89.2,92.0,87.6,https://newenergy.in-en.com/html/newenergy-2441030.shtml
2025,3,Guangdong,98.5,99.8,97.8,99.7,https://newenergy.in-en.com/html/newenergy-2441030.shtml
2025,3,Guangxi,97.1,91.7,95.9,94.6,https://newenergy.in-en.com/html/newenergy-2441030.shtml
2025,3,Guizhou,98.0,91.9,98.7,94.4,https://newenergy.in-en.com/html/newenergy-2441030.shtml
2025,3,Hainan,97.5,92.8,98.9,95.2,https://newenergy.in-en.com/html/newenergy-2441030.shtml
2025,3,Hebei,88.2,89.0,87.0,89.0,https://newenergy.in-en.com/html/newenergy-2441030.shtml
2025,3,Heilongjiang,92.5,94.9,93.2,93.5,https://newenergy.in-en.com/html/newenergy-2441030.shtml
2025,3,Henan,96.1,97.0,96.4,97.7,https://newenergy.in-en.com/html/newenergy-2441030.shtml
2025,3,Hubei,99.5,95.7,99.0,94.7,https://newenergy.in-en.com/html/newenergy-2441030.shtml
2025,3,Hunan,98.5,99.6,99.4,99.9,https://newenergy.in-en.com/html/newenergy-2441030.shtml
2025,3,Inner Mongolia East,90.0,91.9,91.6,91.6,https://newenergy.in-en.com/html/newenergy-2441030.shtml
2025,3,Inner Mongolia West,88.7,86.1,90.0,85.0,https://newenergy.in-en.com/html/newenergy-2441030.shtml
2025,3,Jiangsu,97.4,98.6,97.9,99.3,https://newenergy.in-en.com/html/newenergy-2441030.shtml
2025,3,Jiangxi,99.3,96.8,99.4,97.3,https://newenergy.in-en.com/html/newenergy-2441030.shtml
2025,3,Jilin,91.1,96.5,92.2,96.5,https://newenergy.in-en.com/html/newenergy-2441030.shtml
2025,3,Liaoning,93.0,94.8,95.2,96.6,https://newenergy.in-en.com/html/newenergy-2441030.shtml
2025,3,National,92.8,93.6,93.4,93.8,https://newenergy.in-en.com/html/newenergy-2441030.shtml
2025,3,Ningxia,94.9,92.4,95.2,91.8,https://newenergy.in-en.com/html/newenergy-2441030.shtml
2025,3,Qinghai,89.8,83.3,91.2,87.6,https://newenergy.in-en.com/html/newenergy-2441030.shtml
2025,3,Shaanxi,94.6,86.7,93.4,88.1,https://newenergy.in-en.com/html/newenergy-2441030.shtml
2025,3,Shandong,91.8,94.6,91.8,95.1,https://newenergy.in-en.com/html/newenergy-2441030.shtml
2025,3,Shanghai,100.0,100.0,100.0,100.0,https://newenergy.in-en.com/html/newenergy-2441030.shtml
2025,3,Shanxi,93.9,98.5,94.2,97.8,https://newenergy.in-en.com/html/newenergy-2441030.shtml
2025,3,Sichuan,99.3,98.9,98.6,98.2,https://newenergy.in-en.com/html/newenergy-2441030.shtml
2025,3,Tianjin,97.9,93.4,96.3,92.9,https://newenergy.in-en.com/html/newenergy-2441030.shtml
2025,3,Tibet,63.3,68.6,69.6,68.1,https://newenergy.in-en.com/html/newenergy-2441030.shtml
2025,3,Xinjiang,87.9,90.1,91.7,90.4,https://newenergy.in-en.com/html/newenergy-2441030.shtml
2025,3,Yunnan,97.3,93.8,97.2,94.5,https://newenergy.in-en.com/html/newenergy-2441030.shtml
2025,3,Zhejiang,100.0,100.0,100.0,100.0,https://newenergy.in-en.com/html/newenergy-2441030.shtml
2025,4,Anhui,97.4,96.3,98.6,97.9,https://newenergy.in-en.com/html/newenergy-2441965.shtml
2025,4,Beijing,95.9,98.6,87.5,98.3,https://newenergy.in-en.com/html/newenergy-2441965.shtml
2025,4,Chongqing,100.0,100.0,100.0,100.0,https://newenergy.in-en.com/html/newenergy-2441965.shtml
2025,4,Fujian,100.0,100.0,100.0,100.0,https://newenergy.in-en.com/html/newenergy-2441965.shtml
2025,4,Gansu,93.9,91.9,92.5,88.8,https://newenergy.in-en.com/html/newenergy-2441965.shtml
2025,4,Guangdong,99.9,99.9,98.1,99.8,https://newenergy.in-en.com/html/newenergy-2441965.shtml
2025,4,Guangxi,98.2,94.2,96.4,94.4,https://newenergy.in-en.com/html/newenergy-2441965.shtml
2025,4,Guizhou,99.6,98.5,99.0,96.2,https://newenergy.in-en.com/html/newenergy-2441965.shtml
2025,4,Hainan,98.7,96.3,98.9,95.6,https://newenergy.in-en.com/html/newenergy-2441965.shtml
2025,4,Hebei,89.9,90.8,87.7,89.5,https://newenergy.in-en.com/html/newenergy-2441965.shtml
2025,4,Heilongjiang,89.1,92.0,92.1,93.1,https://newenergy.in-en.com/html/newenergy-2441965.shtml
2025,4,Henan,95.1,97.3,96.0,97.6,https://newenergy.in-en.com/html/newenergy-2441965.shtml
2025,4,Hubei,99.1,97.7,99.0,95.7,https://newenergy.in-en.com/html/newenergy-2441965.shtml
2025,4,Hunan,98.9,99.6,99.3,99.8,https://newenergy.in-en.com/html/newenergy-2441965.shtml
2025,4,Inner Mongolia East,88.8,90.0,90.9,91.2,https://newenergy.in-en.com/html/newenergy-2441965.shtml
2025,4,Inner Mongolia West,92.1,88.3,90.6,86.0,https://newenergy.in-en.com/html/newenergy-2441965.shtml
2025,4,Jiangsu,95.5,97.9,97.3,98.8,https://newenergy.in-en.com/html/newenergy-2441965.shtml
2025,4,Jiangxi,99.4,97.5,99.4,97.4,https://newenergy.in-en.com/html/newenergy-2441965.shtml
2025,4,Jilin,88.7,95.1,91.4,96.2,https://newenergy.in-en.com/html/newenergy-2441965.shtml
2025,4,Liaoning,93.6,96.7,94.8,96.7,https://newenergy.in-en.com/html/newenergy-2441965.shtml
2025,4,National,92.4,94.0,93.2,93.9,https://newenergy.in-en.com/html/newenergy-2441965.shtml
2025,4,Ningxia,93.6,93.0,94.7,92.1,https://newenergy.in-en.com/html/newenergy-2441965.shtml
2025,4,Qinghai,94.3,81.9,92.1,86.0,https://newenergy.in-en.com/html/newenergy-2441965.shtml
2025,4,Shaanxi,95.0,88.1,93.9,88.1,https://newenergy.in-en.com/html/newenergy-2441965.shtml
2025,4,Shandong,92.6,94.2,92.0,94.8,https://newenergy.in-en.com/html/newenergy-2441965.shtml
2025,4,Shanghai,100.0,100.0,100.0,100.0,https://newenergy.in-en.com/html/newenergy-2441965.shtml
2025,4,Shanxi,93.7,98.4,94.1,98.0,https://newenergy.in-en.com/html/newenergy-2441965.shtml
2025,4,Sichuan,99.7,99.6,98.8,98.6,https://newenergy.in-en.com/html/newenergy-2441965.shtml
2025,4,Tianjin,96.3,91.5,96.3,92.4,https://newenergy.in-en.com/html/newenergy-2441965.shtml
2025,4,Tibet,64.4,67.8,68.8,68.0,https://newenergy.in-en.com/html/newenergy-2441965.shtml
2025,4,Xinjiang,88.9,88.0,90.7,89.7,https://newenergy.in-en.com/html/newenergy-2441965.shtml
2025,4,Yunnan,98.4,96.3,97.5,95.0,https://newenergy.in-en.com/html/newenergy-2441965.shtml
2025,4,Zhejiang,100.0,100.0,100.0,100.0,https://newenergy.in-en.com/html/newenergy-2441965.shtml
2025,5,Anhui,97.3,96.1,98.3,97.4,https://newenergy.in-en.com/html/newenergy-2442797.shtml
2025,5,Beijing,97.3,99.6,88.5,98.6,https://newenergy.in-en.com/html/newenergy-2442797.shtml
2025,5,Chongqing,100.0,100.0,100.0,100.0,https://newenergy.in-en.com/html/newenergy-2442797.shtml
2025,5,Fujian,100.0,100.0,100.0,100.0,https://newenergy.in-en.com/html/newenergy-2442797.shtml
2025,5,Gansu,88.9,89.0,91.6,88.9,https://newenergy.in-en.com/html/newenergy-2442797.shtml
2025,5,Guangdong,99.1,99.6,98.3,99.7,https://newenergy.in-en.com/html/newenergy-2442797.shtml
2025,5,Guangxi,97.0,96.2,96.5,94.9,https://newenergy.in-en.com/html/newenergy-2442797.shtml
2025,5,Guizhou,99.1,96.5,99.0,96.3,https://newenergy.in-en.com/html/newenergy-2442797.shtml
2025,5,Hainan,99.5,98.3,99.0,96.3,https://newenergy.in-en.com/html/newenergy-2442797.shtml
2025,5,Hebei,93.8,92.4,88.8,90.2,https://newenergy.in-en.com/html/newenergy-2442797.shtml
2025,5,Heilongjiang,89.6,92.9,91.6,93.0,https://newenergy.in-en.com/html/newenergy-2442797.shtml
2025,5,Henan,95.5,97.9,95.9,97.7,https://newenergy.in-en.com/html/newenergy-2442797.shtml
2025,5,Hubei,98.7,96.1,99.0,95.8,https://newenergy.in-en.com/html/newenergy-2442797.shtml
2025,5,Hunan,94.3,98.0,98.2,99.3,https://newenergy.in-en.com/html/newenergy-2442797.shtml
2025,5,Inner Mongolia East,90.6,88.7,90.8,90.6,https://newenergy.in-en.com/html/newenergy-2442797.shtml
2025,5,Inner Mongolia West,94.8,91.4,91.4,87.2,https://newenergy.in-en.com/html/newenergy-2442797.shtml
2025,5,Jiangsu,95.1,97.8,96.8,98.5,https://newenergy.in-en.com/html/newenergy-2442797.shtml
2025,5,Jiangxi,98.7,96.2,99.2,97.0,https://newenergy.in-en.com/html/newenergy-2442797.shtml
2025,5,Jilin,90.3,94.3,91.2,95.7,https://newenergy.in-en.com/html/newenergy-2442797.shtml
2025,5,Liaoning,90.4,94.8,93.9,96.2,https://newenergy.in-en.com/html/newenergy-2442797.shtml
2025,5,National,93.2,94.2,93.2,94.0,https://newenergy.in-en.com/html/newenergy-2442797.shtml
2025,5,Ningxia,92.9,93.2,94.3,92.4,https://newenergy.in-en.com/html/newenergy-2442797.shtml
2025,5,Qinghai,93.2,82.7,92.4,85.2,https://newenergy.in-en.com/html/newenergy-2442797.shtml
2025,5,Shaanxi,91.6,92.4,93.4,89.1,https://newenergy.in-en.com/html/newenergy-2442797.shtml
2025,5,Shandong,93.1,94.9,92.3,94.8,https://newenergy.in-en.com/html/newenergy-2442797.shtml
2025,5,Shanghai,100.0,100.0,100.0,100.0,https://newenergy.in-en.com/html/newenergy-2442797.shtml
2025,5,Shanxi,95.0,98.1,94.2,98.0,https://newenergy.in-en.com/html/newenergy-2442797.shtml
2025,5,Sichuan,99.2,99.6,98.9,98.9,https://newenergy.in-en.com/html/newenergy-2442797.shtml
2025,5,Tianjin,99.0,98.0,96.8,94.0,https://newenergy.in-en.com/html/newenergy-2442797.shtml
2025,5,Tibet,75.0,64.7,69.6,67.3,https://newenergy.in-en.com/html/newenergy-2442797.shtml
2025,5,Xinjiang,88.2,84.7,90.0,88.5,https://newenergy.in-en.com/html/newenergy-2442797.shtml
2025,5,Yunnan,98.1,95.3,97.5,95.1,https://newenergy.in-en.com/html/newenergy-2442797.shtml
2025,5,Zhejiang,100.0,100.0,100.0,100.0,https://newenergy.in-en.com/html/newenergy-2442797.shtml
2025,6,Anhui,98.5,98.5,98.3,97.6,https://newenergy.in-en.com/html/newenergy-2443665.shtml
2025,6,Beijing,97.9,99.8,89.3,98.9,https://newenergy.in-en.com/html/newenergy-2443665.shtml
2025,6,Chongqing,100.0,100.0,100.0,100.0,https://newenergy.in-en.com/html/newenergy-2443665.shtml
2025,6,Fujian,100.0,100.0,100.0,100.0,https://newenergy.in-en.com/html/newenergy-2443665.shtml
2025,6,Gansu,92.1,92.3,91.7,89.5,https://newenergy.in-en.com/html/newenergy-2443665.shtml
2025,6,Guangdong,97.7,99.9,98.2,99.8,https://newenergy.in-en.com/html/newenergy-2443665.shtml
2025,6,Guangxi,90.8,89.3,95.5,93.7,https://newenergy.in-en.com/html/newenergy-2443665.shtml
2025,6,Guizhou,99.7,97.8,99.2,96.6,https://newenergy.in-en.com/html/newenergy-2443665.shtml
2025,6,Hainan,95.5,97.7,98.1,96.6,https://newenergy.in-en.com/html/newenergy-2443665.shtml
2025,6,Hebei,94.6,97.7,89.4,91.7,https://newenergy.in-en.com/html/newenergy-2443665.shtml
2025,6,Heilongjiang,93.9,95.8,91.9,93.6,https://newenergy.in-en.com/html/newenergy-2443665.shtml
2025,6,Henan,97.5,99.4,96.1,98.0,https://newenergy.in-en.com/html/newenergy-2443665.shtml
2025,6,Hubei,99.8,99.0,99.1,96.4,https://newenergy.in-en.com/html/newenergy-2443665.shtml
2025,6,Hunan,82.4,96.1,95.5,98.6,https://newenergy.in-en.com/html/newenergy-2443665.shtml
2025,6,Inner Mongolia East,95.0,94.1,91.3,91.2,https://newenergy.in-en.com/html/newenergy-2443665.shtml
2025,6,Inner Mongolia West,94.5,91.3,91.8,88.0,https://newenergy.in-en.com/html/newenergy-2443665.shtml
2025,6,Jiangsu,99.7,100.0,97.2,98.8,https://newenergy.in-en.com/html/newenergy-2443665.shtml
2025,6,Jiangxi,99.9,99.8,99.4,97.6,https://newenergy.in-en.com/html/newenergy-2443665.shtml
2025,6,Jilin,90.2,96.4,91.0,95.7,https://newenergy.in-en.com/html/newenergy-2443665.shtml
2025,6,Liaoning,90.0,95.2,93.4,96.0,https://newenergy.in-en.com/html/newenergy-2443665.shtml
2025,6,National,94.3,95.4,93.4,94.3,https://newenergy.in-en.com/html/newenergy-2443665.shtml
2025,6,Ningxia,96.2,96.5,94.5,93.1,https://newenergy.in-en.com/html/newenergy-2443665.shtml
2025,6,Qinghai,92.0,83.0,92.3,84.8,https://newenergy.in-en.com/html/newenergy-2443665.shtml
2025,6,Shaanxi,95.1,93.3,93.6,90.0,https://newenergy.in-en.com/html/newenergy-2443665.shtml
2025,6,Shandong,96.2,97.3,93.6,95.8,https://newenergy.in-en.com/html/newenergy-2443665.shtml
2025,6,Shanghai,100.0,100.0,100.0,100.0,https://newenergy.in-en.com/html/newenergy-2443665.shtml
2025,6,Shanxi,94.6,97.9,94.2,98.0,https://newenergy.in-en.com/html/newenergy-2443665.shtml
2025,6,Sichuan,99.5,99.2,99.0,98.9,https://newenergy.in-en.com/html/newenergy-2443665.shtml
2025,6,Tianjin,99.7,99.5,97.2,95.2,https://newenergy.in-en.com/html/newenergy-2443665.shtml
2025,6,Tibet,72.0,60.2,69.8,66.1,https://newenergy.in-en.com/html/newenergy-2443665.shtml
2025,6,Xinjiang,89.6,82.4,89.9,87.1,https://newenergy.in-en.com/html/newenergy-2443665.shtml
2025,6,Yunnan,97.5,91.8,97.5,94.5,https://newenergy.in-en.com/html/newenergy-2443665.shtml
2025,6,Zhejiang,99.9,99.9,100.0,100.0,https://newenergy.in-en.com/html/newenergy-2443665.shtml
2025,7,Anhui,100.0,100.0,98.6,98.1,https://newenergy.in-en.com/html/newenergy-2444410.shtml
2025,7,Beijing,100.0,100.0,89.9,99.1,https://newenergy.in-en.com/html/newenergy-2444410.shtml
2025,7,Chongqing,100.0,100.0,100.0,100.0,https://newenergy.in-en.com/html/newenergy-2444410.shtml
2025,7,Fujian,100.0,100.0,100.0,100.0,https://newenergy.in-en.com/html/newenergy-2444410.shtml
2025,7,Gansu,98.0,89.4,92.7,89.5,https://newenergy.in-en.com/html/newenergy-2444410.shtml
2025,7,Guangdong,99.7,99.9,98.4,99.8,https://newenergy.in-en.com/html/newenergy-2444410.shtml
2025,7,Guangxi,96.0,98.3,95.6,94.8,https://newenergy.in-en.com/html/newenergy-2444410.shtml
2025,7,Guizhou,97.4,94.5,98.9,96.2,https://newenergy.in-en.com/html/newenergy-2444410.shtml
2025,7,Hainan,96.3,94.7,97.7,96.3,https://newenergy.in-en.com/html/newenergy-2444410.shtml
2025,7,Hebei,98.7,99.0,90.2,92.9,https://newenergy.in-en.com/html/newenergy-2444410.shtml
2025,7,Heilongjiang,92.4,97.9,92.0,94.3,https://newenergy.in-en.com/html/newenergy-2444410.shtml
2025,7,Henan,99.5,99.9,96.5,98.4,https://newenergy.in-en.com/html/newenergy-2444410.shtml
2025,7,Hubei,99.7,99.4,99.2,97.1,https://newenergy.in-en.com/html/newenergy-2444410.shtml
2025,7,Hunan,87.4,98.4,94.6,98.5,https://newenergy.in-en.com/html/newenergy-2444410.shtml
2025,7,Inner Mongolia East,96.1,97.5,91.7,92.2,https://newenergy.in-en.com/html/newenergy-2444410.shtml
2025,7,Inner Mongolia West,97.0,93.0,92.3,88.8,https://newenergy.in-en.com/html/newenergy-2444410.shtml
2025,7,Jiangsu,99.6,99.9,97.6,99.0,https://newenergy.in-en.com/html/newenergy-2444410.shtml
2025,7,Jiangxi,100.0,100.0,99.4,98.1,https://newenergy.in-en.com/html/newenergy-2444410.shtml
2025,7,Jilin,94.5,98.2,91.5,96.2,https://newenergy.in-en.com/html/newenergy-2444410.shtml
2025,7,Liaoning,97.3,98.9,93.8,96.5,https://newenergy.in-en.com/html/newenergy-2444410.shtml
2025,7,National,97.0,96.4,93.8,94.7,https://newenergy.in-en.com/html/newenergy-2444410.shtml
2025,7,Ningxia,97.3,96.4,94.9,93.7,https://newenergy.in-en.com/html/newenergy-2444410.shtml
2025,7,Qinghai,92.2,84.0,92.3,84.6,https://newenergy.in-en.com/html/newenergy-2444410.shtml
2025,7,Shaanxi,97.5,94.2,94.1,90.7,https://newenergy.in-en.com/html/newenergy-2444410.shtml
2025,7,Shandong,98.8,99.0,94.1,96.3,https://newenergy.in-en.com/html/newenergy-2444410.shtml
2025,7,Shanghai,100.0,100.0,100.0,100.0,https://newenergy.in-en.com/html/newenergy-2444410.shtml
2025,7,Shanxi,99.6,99.8,94.7,98.3,https://newenergy.in-en.com/html/newenergy-2444410.shtml
2025,7,Sichuan,99.1,98.1,99.0,98.8,https://newenergy.in-en.com/html/newenergy-2444410.shtml
2025,7,Tianjin,100.0,100.0,97.4,96.1,https://newenergy.in-en.com/html/newenergy-2444410.shtml
2025,7,Tibet,63.3,62.0,69.4,65.5,https://newenergy.in-en.com/html/newenergy-2444410.shtml
2025,7,Xinjiang,92.8,84.6,90.4,86.6,https://newenergy.in-en.com/html/newenergy-2444410.shtml
2025,7,Yunnan,95.7,93.4,97.4,94.3,https://newenergy.in-en.com/html/newenergy-2444410.shtml
2025,7,Zhejiang,100.0,100.0,100.0,100.0,https://newenergy.in-en.com/html/newenergy-2444410.shtml
2025,8,Anhui,100.0,100.0,98.7,98.4,https://newenergy.in-en.com/html/newenergy-2445110.shtml
2025,8,Beijing,100.0,100.0,90.3,99.2,https://newenergy.in-en.com/html/newenergy-2445110.shtml
2025,8,Chongqing,100.0,100.0,100.0,100.0,https://newenergy.in-en.com/html/newenergy-2445110.shtml
2025,8,Fujian,100.0,100.0,100.0,100.0,https://newenergy.in-en.com/html/newenergy-2445110.shtml
2025,8,Gansu,98.0,92.3,93.3,89.8,https://newenergy.in-en.com/html/newenergy-2445110.shtml
2025,8,Guangdong,98.7,99.6,98.4,99.8,https://newenergy.in-en.com/html/newenergy-2445110.shtml
2025,8,Guangxi,96.0,95.9,95.6,95.0,https://newenergy.in-en.com/html/newenergy-2445110.shtml
2025,8,Guizhou,99.3,95.9,99.0,96.1,https://newenergy.in-en.com/html/newenergy-2445110.shtml
2025,8,Hainan,94.6,95.5,96.9,96.1,https://newenergy.in-en.com/html/newenergy-2445110.shtml
2025,8,Hebei,98.6,98.9,90.8,93.7,https://newenergy.in-en.com/html/newenergy-2445110.shtml
2025,8,Heilongjiang,98.2,99.1,92.5,95.0,https://newenergy.in-en.com/html/newenergy-2445110.shtml
2025,8,Henan,100.0,99.9,96.8,98.6,https://newenergy.in-en.com/html/newenergy-2445110.shtml
2025,8,Hubei,99.5,99.1,99.2,97.4,https://newenergy.in-en.com/html/newenergy-2445110.shtml
2025,8,Hunan,73.8,95.9,92.2,98.0,https://newenergy.in-en.com/html/newenergy-2445110.shtml
2025,8,Inner Mongolia East,96.5,98.0,92.0,92.9,https://newenergy.in-en.com/html/newenergy-2445110.shtml
2025,8,Inner Mongolia West,95.8,91.2,92.6,89.1,https://newenergy.in-en.com/html/newenergy-2445110.shtml
2025,8,Jiangsu,100.0,100.0,97.8,99.2,https://newenergy.in-en.com/html/newenergy-2445110.shtml
2025,8,Jiangxi,100.0,100.0,99.5,98.5,https://newenergy.in-en.com/html/newenergy-2445110.shtml
2025,8,Jilin,98.6,99.7,92.0,96.6,https://newenergy.in-en.com/html/newenergy-2445110.shtml
2025,8,Liaoning,98.5,99.4,94.1,96.8,https://newenergy.in-en.com/html/newenergy-2445110.shtml
2025,8,National,96.6,96.4,94.1,94.9,https://newenergy.in-en.com/html/newenergy-2445110.shtml
2025,8,Ningxia,99.5,98.4,95.4,94.3,https://newenergy.in-en.com/html/newenergy-2445110.shtml
2025,8,Qinghai,93.2,82.4,92.4,84.3,https://newenergy.in-en.com/html/newenergy-2445110.shtml
2025,8,Shaanxi,97.6,93.8,94.5,91.1,https://newenergy.in-en.com/html/newenergy-2445110.shtml
2025,8,Shandong,99.8,99.5,94.4,96.8,https://newenergy.in-en.com/html/newenergy-2445110.shtml
2025,8,Shanghai,100.0,100.0,100.0,100.0,https://newenergy.in-en.com/html/newenergy-2445110.shtml
2025,8,Shanxi,99.5,99.6,95.1,98.5,https://newenergy.in-en.com/html/newenergy-2445110.shtml
2025,8,Sichuan,99.2,98.8,99.0,98.8,https://newenergy.in-en.com/html/newenergy-2445110.shtml
2025,8,Tianjin,100.0,100.0,97.5,96.6,https://newenergy.in-en.com/html/newenergy-2445110.shtml
2025,8,Tibet,67.8,60.5,69.3,64.8,https://newenergy.in-en.com/html/newenergy-2445110.shtml
2025,8,Xinjiang,91.8,85.6,90.6,86.5,https://newenergy.in-en.com/html/newenergy-2445110.shtml
2025,8,Yunnan,94.5,91.5,97.3,94.0,https://newenergy.in-en.com/html/newenergy-2445110.shtml
2025,8,Zhejiang,100.0,100.0,100.0,100.0,https://newenergy.in-en.com/html/newenergy-2445110.shtml
2025,9,Anhui,100.0,100.0,98.8,98.6,https://newenergy.in-en.com/html/newenergy-2445827.shtml
2025,9,Beijing,100.0,99.9,90.7,99.3,https://newenergy.in-en.com/html/newenergy-2445827.shtml
2025,9,Chongqing,100.0,100.0,100.0,100.0,https://newenergy.in-en.com/html/newenergy-2445827.shtml
2025,9,Fujian,100.0,100.0,100.0,100.0,https://newenergy.in-en.com/html/newenergy-2445827.shtml
2025,9,Gansu,97.0,90.4,93.7,89.9,https://newenergy.in-en.com/html/newenergy-2445827.shtml
2025,9,Guangdong,94.4,98.4,98.1,99.6,https://newenergy.in-en.com/html/newenergy-2445827.shtml
2025,9,Guangxi,98.6,99.2,95.9,95.6,https://newenergy.in-en.com/html/newenergy-2445827.shtml
2025,9,Guizhou,99.5,95.4,99.1,96.0,https://newenergy.in-en.com/html/newenergy-2445827.shtml
2025,9,Hainan,100.0,99.6,97.4,96.6,https://newenergy.in-en.com/html/newenergy-2445827.shtml
2025,9,Hebei,97.6,96.1,91.3,93.9,https://newenergy.in-en.com/html/newenergy-2445827.shtml
2025,9,Heilongjiang,95.0,95.1,92.8,95.0,https://newenergy.in-en.com/html/newenergy-2445827.shtml
2025,9,Henan,99.7,99.0,97.0,98.6,https://newenergy.in-en.com/html/newenergy-2445827.shtml
2025,9,Hubei,92.6,97.2,98.5,97.4,https://newenergy.in-en.com/html/newenergy-2445827.shtml
2025,9,Hunan,92.6,99.5,92.3,98.2,https://newenergy.in-en.com/html/newenergy-2445827.shtml
2025,9,Inner Mongolia East,92.0,91.8,92.0,92.8,https://newenergy.in-en.com/html/newenergy-2445827.shtml
2025,9,Inner Mongolia West,94.5,95.1,92.8,89.8,https://newenergy.in-en.com/html/newenergy-2445827.shtml
2025,9,Jiangsu,99.4,99.9,97.9,99.3,https://newenergy.in-en.com/html/newenergy-2445827.shtml
2025,9,Jiangxi,100.0,99.7,99.6,98.6,https://newenergy.in-en.com/html/newenergy-2445827.shtml
2025,9,Jilin,91.1,95.9,91.9,96.5,https://newenergy.in-en.com/html/newenergy-2445827.shtml
2025,9,Liaoning,95.9,97.8,94.2,97.0,https://newenergy.in-en.com/html/newenergy-2445827.shtml
2025,9,National,95.4,95.0,94.2,95.0,https://newenergy.in-en.com/html/newenergy-2445827.shtml
2025,9,Ningxia,97.0,94.1,95.6,94.3,https://newenergy.in-en.com/html/newenergy-2445827.shtml
2025,9,Qinghai,92.5,78.8,92.4,83.6,https://newenergy.in-en.com/html/newenergy-2445827.shtml
2025,9,Shaanxi,97.9,92.6,94.8,91.3,https://newenergy.in-en.com/html/newenergy-2445827.shtml
2025,9,Shandong,96.9,96.6,94.6,96.7,https://newenergy.in-en.com/html/newenergy-2445827.shtml
2025,9,Shanghai,100.0,100.0,100.0,100.0,https://newenergy.in-en.com/html/newenergy-2445827.shtml
2025,9,Shanxi,96.2,97.8,95.1,98.4,https://newenergy.in-en.com/html/newenergy-2445827.shtml
2025,9,Sichuan,99.5,98.7,99.0,98.8,https://newenergy.in-en.com/html/newenergy-2445827.shtml
2025,9,Tianjin,100.0,99.7,97.7,97.0,https://newenergy.in-en.com/html/newenergy-2445827.shtml
2025,9,Tibet,73.2,69.0,69.7,65.3,https://newenergy.in-en.com/html/newenergy-2445827.shtml
2025,9,Xinjiang,91.3,85.9,90.7,86.4,https://newenergy.in-en.com/html/newenergy-2445827.shtml
2025,9,Yunnan,94.1,91.6,97.1,93.7,https://newenergy.in-en.com/html/newenergy-2445827.shtml
2025,9,Zhejiang,100.0,100.0,100.0,100.0,https://newenergy.in-en.com/html/newenergy-2445827.shtml
2025,10,Anhui,99.8,98.7,98.8,98.6,https://newenergy.in-en.com/html/newenergy-2446479.shtml
2025,10,Beijing,99.2,99.9,91.3,99.3,https://newenergy.in-en.com/html/newenergy-2446479.shtml
2025,10,Chongqing,100.0,100.0,100.0,100.0,https://newenergy.in-en.com/html/newenergy-2446479.shtml
2025,10,Fujian,100.0,100.0,100.0,100.0,https://newenergy.in-en.com/html/newenergy-2446479.shtml
2025,10,Gansu,94.3,88.1,93.7,89.8,https://newenergy.in-en.com/html/newenergy-2446479.shtml
2025,10,Guangdong,91.1,97.8,97.2,99.4,https://newenergy.in-en.com/html/newenergy-2446479.shtml
2025,10,Guangxi,95.3,98.1,95.8,95.9,https://newenergy.in-en.com/html/newenergy-2446479.shtml
2025,10,Guizhou,99.5,96.3,99.1,96.0,https://newenergy.in-en.com/html/newenergy-2446479.shtml
2025,10,Hainan,100.0,99.6,97.9,96.9,https://newenergy.in-en.com/html/newenergy-2446479.shtml
2025,10,Hebei,98.9,96.4,91.8,94.1,https://newenergy.in-en.com/html/newenergy-2446479.shtml
2025,10,Heilongjiang,96.6,96.4,93.3,95.2,https://newenergy.in-en.com/html/newenergy-2446479.shtml
2025,10,Henan,99.3,99.9,97.2,98.7,https://newenergy.in-en.com/html/newenergy-2446479.shtml
2025,10,Hubei,92.8,95.6,97.9,97.2,https://newenergy.in-en.com/html/newenergy-2446479.shtml
2025,10,Hunan,96.2,98.1,92.7,98.2,https://newenergy.in-en.com/html/newenergy-2446479.shtml
2025,10,Inner Mongolia East,95.6,93.1,92.4,92.8,https://newenergy.in-en.com/html/newenergy-2446479.shtml
2025,10,Inner Mongolia West,96.0,96.2,93.1,90.4,https://newenergy.in-en.com/html/newenergy-2446479.shtml
2025,10,Jiangsu,99.6,99.8,98.1,99.3,https://newenergy.in-en.com/html/newenergy-2446479.shtml
2025,10,Jiangxi,99.7,99.8,99.6,98.7,https://newenergy.in-en.com/html/newenergy-2446479.shtml
2025,10,Jilin,96.4,98.4,92.3,96.7,https://newenergy.in-en.com/html/newenergy-2446479.shtml
2025,10,Liaoning,95.4,97.3,94.4,97.0,https://newenergy.in-en.com/html/newenergy-2446479.shtml
2025,10,National,96.4,94.8,94.4,94.9,https://newenergy.in-en.com/html/newenergy-2446479.shtml
2025,10,Ningxia,98.4,95.5,95.8,94.4,https://newenergy.in-en.com/html/newenergy-2446479.shtml
2025,10,Qinghai,95.3,83.3,92.7,83.6,https://newenergy.in-en.com/html/newenergy-2446479.shtml
2025,10,Shaanxi,99.1,94.2,95.1,91.5,https://newenergy.in-en.com/html/newenergy-2446479.shtml
2025,10,Shandong,99.1,98.6,95.0,96.9,https://newenergy.in-en.com/html/newenergy-2446479.shtml
2025,10,Shanghai,100.0,100.0,100.0,100.0,https://newenergy.in-en.com/html/newenergy-2446479.shtml
2025,10,Shanxi,96.7,97.7,95.2,98.4,https://newenergy.in-en.com/html/newenergy-2446479.shtml
2025,10,Sichuan,98.9,97.9,99.0,98.7,https://newenergy.in-en.com/html/newenergy-2446479.shtml
2025,10,Tianjin,99.9,99.1,97.8,97.1,https://newenergy.in-en.com/html/newenergy-2446479.shtml
2025,10,Tibet,72.6,72.2,70.0,66.1,https://newenergy.in-en.com/html/newenergy-2446479.shtml
2025,10,Xinjiang,92.7,83.5,90.9,86.1,https://newenergy.in-en.com/html/newenergy-2446479.shtml
2025,10,Yunnan,96.3,90.2,97.0,93.4,https://newenergy.in-en.com/html/newenergy-2446479.shtml
2025,10,Zhejiang,96.8,100.0,99.6,100.0,https://newenergy.in-en.com/html/newenergy-2446479.shtml
2025,11,Anhui,99.6,98.2,98.9,98.5,https://newenergy.in-en.com/html/newenergy-2447929.shtml
2025,11,Beijing,94.1,99.7,91.6,99.4,https://newenergy.in-en.com/html/newenergy-2447929.shtml
2025,11,Chongqing,100.0,100.0,100.0,100.0,https://newenergy.in-en.com/html/newenergy-2447929.shtml
2025,11,Fujian,100.0,100.0,100.0,100.0,https://newenergy.in-en.com/html/newenergy-2447929.shtml
2025,11,Gansu,91.2,87.9,93.5,89.6,https://newenergy.in-en.com/html/newenergy-2447929.shtml
2025,11,Guangdong,100.0,99.9,98.5,99.6,https://newenergy.in-en.com/html/newenergy-2447929.shtml
2025,11,Guangxi,97.0,98.3,96.0,96.2,https://newenergy.in-en.com/html/newenergy-2447929.shtml
2025,11,Guizhou,99.2,95.7,99.1,96.0,https://newenergy.in-en.com/html/newenergy-2447929.shtml
2025,11,Hainan,92.5,99.6,96.9,97.1,https://newenergy.in-en.com/html/newenergy-2447929.shtml
2025,11,Hebei,91.1,94.5,91.7,94.1,https://newenergy.in-en.com/html/newenergy-2447929.shtml
2025,11,Heilongjiang,96.9,95.6,93.8,95.2,https://newenergy.in-en.com/html/newenergy-2447929.shtml
2025,11,Henan,85.9,95.9,96.0,98.5,https://newenergy.in-en.com/html/newenergy-2447929.shtml
2025,11,Hubei,97.7,93.8,97.9,97.0,https://newenergy.in-en.com/html/newenergy-2447929.shtml
2025,11,Hunan,97.0,96.0,93.1,98.0,https://newenergy.in-en.com/html/newenergy-2447929.shtml
2025,11,Inner Mongolia East,94.0,93.9,92.6,92.9,https://newenergy.in-en.com/html/newenergy-2447929.shtml
2025,11,Inner Mongolia West,87.0,90.3,92.1,90.4,https://newenergy.in-en.com/html/newenergy-2447929.shtml
2025,11,Jiangsu,98.6,99.6,98.1,99.3,https://newenergy.in-en.com/html/newenergy-2447929.shtml
2025,11,Jiangxi,99.9,99.8,99.6,98.8,https://newenergy.in-en.com/html/newenergy-2447929.shtml
2025,11,Jilin,91.3,96.3,92.2,96.7,https://newenergy.in-en.com/html/newenergy-2447929.shtml
2025,11,Liaoning,88.7,94.1,93.6,96.8,https://newenergy.in-en.com/html/newenergy-2447929.shtml
2025,11,National,93.1,93.7,94.3,94.8,https://newenergy.in-en.com/html/newenergy-2447929.shtml
2025,11,Ningxia,94.8,90.1,95.6,94.0,https://newenergy.in-en.com/html/newenergy-2447929.shtml
2025,11,Qinghai,92.9,82.0,92.7,83.5,https://newenergy.in-en.com/html/newenergy-2447929.shtml
2025,11,Shaanxi,95.6,87.4,95.1,91.1,https://newenergy.in-en.com/html/newenergy-2447929.shtml
2025,11,Shandong,99.1,98.5,95.4,97.0,https://newenergy.in-en.com/html/newenergy-2447929.shtml
2025,11,Shanghai,100.0,100.0,100.0,100.0,https://newenergy.in-en.com/html/newenergy-2447929.shtml
2025,11,Shanxi,91.7,94.7,94.7,98.0,https://newenergy.in-en.com/html/newenergy-2447929.shtml
2025,11,Sichuan,96.5,98.6,98.8,98.7,https://newenergy.in-en.com/html/newenergy-2447929.shtml
2025,11,Tianjin,96.2,94.2,97.6,96.9,https://newenergy.in-en.com/html/newenergy-2447929.shtml
2025,11,Tibet,65.7,63.8,69.3,65.8,https://newenergy.in-en.com/html/newenergy-2447929.shtml
2025,11,Xinjiang,90.9,86.2,90.9,86.1,https://newenergy.in-en.com/html/newenergy-2447929.shtml
2025,11,Yunnan,97.6,89.2,97.1,93.0,https://newenergy.in-en.com/html/newenergy-2447929.shtml
2025,11,Zhejiang,98.9,99.9,99.5,100.0,https://newenergy.in-en.com/html/newenergy-2447929.shtml
2025,12,Anhui,99.6,97.8,99.0,98.5,https://wind.in-en.com/html/wind-2465258.shtml
2025,12,Beijing,97.8,99.8,92.4,99.4,https://wind.in-en.com/html/wind-2465258.shtml
2025,12,Chongqing,100.0,100.0,100.0,100.0,https://wind.in-en.com/html/wind-2465258.shtml
2025,12,Fujian,100.0,100.0,100.0,100.0,https://wind.in-en.com/html/wind-2465258.shtml
2025,12,Gansu,95.8,89.7,93.7,89.6,https://wind.in-en.com/html/wind-2465258.shtml
2025,12,Guangdong,99.9,100.0,98.6,99.6,https://wind.in-en.com/html/wind-2465258.shtml
2025,12,Guangxi,98.6,99.4,96.2,96.5,https://wind.in-en.com/html/wind-2465258.shtml
2025,12,Guizhou,99.4,97.0,99.2,96.1,https://wind.in-en.com/html/wind-2465258.shtml
2025,12,Hainan,93.0,99.4,96.4,97.2,https://wind.in-en.com/html/wind-2465258.shtml
2025,12,Hebei,94.1,96.2,92.0,94.3,https://wind.in-en.com/html/wind-2465258.shtml
2025,12,Heilongjiang,94.0,93.1,93.8,95.1,https://wind.in-en.com/html/wind-2465258.shtml
2025,12,Henan,89.6,96.4,95.3,98.4,https://wind.in-en.com/html/wind-2465258.shtml
2025,12,Hubei,99.7,97.8,98.1,97.0,https://wind.in-en.com/html/wind-2465258.shtml
2025,12,Hunan,96.0,98.6,93.4,98.0,https://wind.in-en.com/html/wind-2465258.shtml
2025,12,Inner Mongolia East,94.3,91.2,92.8,92.8,https://wind.in-en.com/html/wind-2465258.shtml
2025,12,Inner Mongolia West,89.4,92.3,91.8,90.5,https://wind.in-en.com/html/wind-2465258.shtml
2025,12,Jiangsu,99.3,99.9,98.3,99.4,https://wind.in-en.com/html/wind-2465258.shtml
2025,12,Jiangxi,100.0,99.8,99.6,98.9,https://wind.in-en.com/html/wind-2465258.shtml
2025,12,Jilin,88.2,95.9,91.8,96.6,https://wind.in-en.com/html/wind-2465258.shtml
2025,12,Liaoning,87.8,93.1,93.0,96.5,https://wind.in-en.com/html/wind-2465258.shtml
2025,12,National,94.3,94.6,94.3,94.8,https://wind.in-en.com/html/wind-2465258.shtml
2025,12,Ningxia,95.6,92.5,95.6,93.9,https://wind.in-en.com/html/wind-2465258.shtml
2025,12,Qinghai,94.0,83.2,92.8,83.4,https://wind.in-en.com/html/wind-2465258.shtml
2025,12,Shaanxi,96.7,89.4,95.3,91.0,https://wind.in-en.com/html/wind-2465258.shtml
2025,12,Shandong,97.9,96.5,95.7,96.9,https://wind.in-en.com/html/wind-2465258.shtml
2025,12,Shanghai,100.0,100.0,100.0,100.0,https://wind.in-en.com/html/wind-2465258.shtml
2025,12,Shanxi,92.2,95.6,94.4,97.8,https://wind.in-en.com/html/wind-2465258.shtml
2025,12,Sichuan,94.3,98.2,98.4,98.6,https://wind.in-en.com/html/wind-2465258.shtml
2025,12,Tianjin,96.9,96.4,97.6,96.9,https://wind.in-en.com/html/wind-2465258.shtml
2025,12,Tibet,61.8,55.6,68.6,64.9,https://wind.in-en.com/html/wind-2465258.shtml
2025,12,Xinjiang,92.2,89.4,91.0,86.3,https://wind.in-en.com/html/wind-2465258.shtml
2025,12,Yunnan,98.2,93.8,97.2,93.1,https://wind.in-en.com/html/wind-2465258.shtml
2025,12,Zhejiang,98.6,100.0,99.5,100.0,https://wind.in-en.com/html/wind-2465258.shtml
